country,indicators,2000,2001,2002,2003,2004,2005,2006,2007,2008,2009
Afghanistan,All types,0,0,0.01,0.01,0.02,0.02,0.03,0.03,0.03,0.03
Afghanistan,Beer,0,0,0,0,0.02,0.01,0.01,0.01,0.01,0.01
Afghanistan,Wine,0,0,0,0,0,0,0,0,0,0
Afghanistan,Spirits,0,0,0,0.01,0,0.01,0.02,0.02,0.02,0.02
Afghanistan,Other alcoholic beverages,0,0,0,0,0,0,0,0,0,0
Albania,All types,3.98,4.71,4.01,4.43,4.67,5.3,5.46,5.76,5.82,6.04
Albania,Beer,1.33,1.49,1.29,1.45,1.37,1.65,1.79,1.94,2.13,2.2
Albania,Wine,0.57,1.09,0.54,0.77,1.07,1.33,1.28,1.35,1.2,1.28
Albania,Spirits,2.08,2.13,2.18,2.21,2.14,2.23,2.28,2.36,2.38,2.44
Albania,Other alcoholic beverages,0,0,0,0,0.08,0.09,0.11,0.11,0.11,0.12
Algeria,All types,0.32,0.27,0.43,0.39,0.52,0.55,0.43,0.39,0.43,0.48
Algeria,Beer,0.12,0.1,0.17,0.19,0.24,0.3,0.18,0.17,0.21,0.2
Algeria,Wine,0.2,0.16,0.25,0.17,0.26,0.24,0.23,0.2,0.2,0.25
Algeria,Spirits,0,0.01,0.01,0.02,0.02,0.02,0.02,0.03,0.02,0.04
Algeria,Other alcoholic beverages,0,0,0,0,0,0,0,0,0,0
Andorra,All types,11.96,12.03,11.53,10.97,10.8,11.96,12.03,11.53,10.97,10.8
Andorra,Beer,3.64,3.78,3.7,3.56,3.59,3.64,3.78,3.7,3.56,3.59
Andorra,Wine,5.39,5.27,4.89,4.57,4.49,5.39,5.27,4.89,4.57,4.49
Andorra,Spirits,2.94,2.99,2.94,2.84,2.72,2.94,2.99,2.94,2.84,2.72
Andorra,Other alcoholic beverages,0,0,0,0,0,0,0,0,0,0
Angola,All types,1.77,2.45,2.62,2.88,3.39,4.68,5.44,6.22,6.9,6.89
Angola,Beer,0.99,1.31,1.45,1.46,1.6,2.66,3.04,3.24,3.64,4.42
Angola,Wine,0.78,1.15,1.17,1.42,1.58,1.94,2.32,2.4,2.62,1.74
Angola,Spirits,0,0,0,0,0.2,0.08,0.08,0.57,0.61,0.71
Angola,Other alcoholic beverages,0,0,0,0,0,0,0,0.02,0.03,0.03
Antigua and Barbuda,All types,7.46,7.43,7.14,7.11,7.27,8.81,8.34,8.19,8.24,7.9
Antigua and Barbuda,Beer,1.91,1.87,1.76,1.86,1.97,2.42,2.64,2.95,2.99,2.93
Antigua and Barbuda,Wine,1.41,1.41,1.38,1.25,1.43,2.38,1.79,1.34,1.32,1.42
Antigua and Barbuda,Spirits,4.12,4.13,3.99,3.98,3.47,3.58,3.61,3.6,3.61,3.28
Antigua and Barbuda,Other alcoholic beverages,0.02,0.02,0.02,0.02,0.39,0.43,0.3,0.3,0.32,0.27
Argentina,All types,7.68,7.76,7.81,7.62,7.63,7.53,7.75,8.16,8.41,8.33
Argentina,Beer,1.79,1.9,2.08,2.03,2.04,2.42,2.57,2.75,3.16,3.23
Argentina,Wine,5.3,5.32,5.28,5.08,5.03,4.57,4.62,4.65,4.45,4.31
Argentina,Spirits,0.52,0.49,0.41,0.46,0.52,0.32,0.3,0.44,0.44,0.4
Argentina,Other alcoholic beverages,0.06,0.05,0.04,0.04,0.04,0.22,0.26,0.32,0.36,0.39
Armenia,All types,2.98,2.96,2.93,3.03,3.81,4.25,4.01,4,3.96,3.97
Armenia,Beer,0.18,0.24,0.17,0.17,0.22,0.27,0.36,0.38,0.41,0.32
Armenia,Wine,0.28,0.38,0.28,0.16,0.43,0.46,0.28,0.23,0.23,0.27
Armenia,Spirits,2.52,2.34,2.48,2.7,3.16,3.51,3.38,3.39,3.32,3.37
Armenia,Other alcoholic beverages,0,0,0,0,0,0,0,0,0,0.01
Australia,All types,10.17,9.53,9.84,9.97,9.84,10.3,10.31,10.56,10.76,10.62
Australia,Beer,5.07,4.08,4.97,4.96,4.57,4.62,4.63,4.63,4.69,4.68
Australia,Wine,2.95,2.91,3.01,3,3.13,3.53,3.53,3.7,3.71,3.78
Australia,Spirits,2.07,1.81,1.86,2.01,1.2,1.21,1.16,1.15,1.19,1.32
Australia,Other alcoholic beverages,0.08,0.01,0,0,0.94,0.94,0.99,1.08,1.17,0.84
Austria,All types,13.2,12.4,12.5,12.2,12.1,12.4,12.4,12.5,12,11.3
Austria,Beer,6.8,6.6,6.4,6.4,6.7,6.07,6.7,6.4,6.4,6.2
Austria,Wine,4.3,4.3,4.4,4.1,3.8,4.1,4.2,4.4,3.9,3.4
Austria,Spirits,2.1,1.5,1.7,1.7,1.6,1.6,1.5,1.7,1.7,1.7
Austria,Other alcoholic beverages,0,0,0,0,0,0,0,0,0,0
Azerbaijan,All types,6.77,5.7,4.68,4.26,4.39,0.74,0.87,0.98,1.15,1.9
Azerbaijan,Beer,0.64,1.02,1.07,1.11,1.46,0.3,0.3,0.34,0.46,0.27
Azerbaijan,Wine,0.1,0.11,0.08,0.06,0.06,0.05,0.1,0.13,0.16,0.17
Azerbaijan,Spirits,6.02,4.57,3.53,3.09,2.88,0.4,0.47,0.51,0.53,1.45
Azerbaijan,Other alcoholic beverages,0,0,0,0,0,0,0,0,0,0.01
Bahamas,All types,12.19,11.62,10.83,10.68,9.98,10.64,10.29,10.02,9.53,8.63
Bahamas,Beer,4.04,3.69,3.6,3.56,3.73,3.82,3.79,3.84,3.63,3.15
Bahamas,Wine,1.83,1.83,1.46,1.56,1.28,2.13,1.9,1.67,1.57,1.46
Bahamas,Spirits,6.29,6.07,5.74,5.53,4.54,4.29,4.2,4.12,3.97,3.69
Bahamas,Other alcoholic beverages,0.03,0.03,0.03,0.03,0.44,0.4,0.4,0.39,0.36,0.33
Bahrain,All types,2.15,1.93,1.96,2.14,2.15,2.15,2.2,2.16,2.16,2.1
Bahrain,Beer,0.54,0.54,0.55,0.54,0.55,0.55,0.52,0.49,0.47,0.46
Bahrain,Wine,0.3,0.15,0.18,0.14,0.21,0.19,0.23,0.26,0.13,0.14
Bahrain,Spirits,1.31,1.24,1.23,1.45,1.38,1.33,1.35,1.24,1.39,1.34
Bahrain,Other alcoholic beverages,0,0,0,0,0,0.09,0.1,0.16,0.18,0.16
Bangladesh,All types,0.01,0,0,0,0,0,0,0,0.01,0.01
Bangladesh,Beer,0,0,0,0,0,0,0,0,0,0
Bangladesh,Wine,0,0,0,0,0,0,0,0,0,0
Bangladesh,Spirits,0,0,0,0,0,0,0,0,0,0
Bangladesh,Other alcoholic beverages,0,0,0,0,0,0,0,0,0,0
Barbados,All types,7.24,7.32,7.53,7.61,7.67,8.17,8.6,8.43,8.83,8.55
Barbados,Beer,2.73,2.87,2.89,2.89,2.98,3.22,3.29,3.15,3.45,3.18
Barbados,Wine,0.49,0.49,0.55,0.72,0.68,0.92,1.12,1.06,0.89,0.93
Barbados,Spirits,3.99,3.92,4.06,3.97,3.8,3.82,3.95,3.97,4.24,4.28
Barbados,Other alcoholic beverages,0.03,0.03,0.03,0.03,0.22,0.21,0.24,0.25,0.25,0.16
Belarus,All types,12.92,10.74,12.23,11.17,12.08,11.05,12.53,13.86,14.54,13.97
Belarus,Beer,1.19,1.15,2.73,3.2,1.33,1.85,2.32,2.72,2.92,2.77
Belarus,Wine,0.17,0.37,0.41,0.49,0.22,0.14,0.16,0.16,0.18,0.18
Belarus,Spirits,5.03,4.75,4.75,3.8,3.64,4.15,5.24,5.99,6.31,6.11
Belarus,Other alcoholic beverages,6.54,4.47,3.89,3.68,6.89,4.9,4.82,4.99,5.14,4.91
Belgium,All types,11.25,11.05,11.33,11.31,12.06,12.21,10.94,13.43,10.51,10.1
Belgium,Beer,6.15,6.08,6.09,6.14,5.95,6.03,5.58,5.2,5.04,4.94
Belgium,Wine,4.05,3.99,4.26,4.06,4.26,4.2,4.35,4.26,3.83,3.66
Belgium,Spirits,1,0.93,0.95,1.07,1.84,1.97,0.99,3.96,1.59,1.45
Belgium,Other alcoholic beverages,0.04,0.04,0.04,0.04,0.02,0.02,0.02,0.02,0.06,0.05
Belize,All types,4.67,4.77,4.87,5.53,6.04,6.06,6.22,6.93,6.86,6.45
Belize,Beer,2.76,2.87,3.01,3.6,3.88,3.86,4.01,4.74,4.7,4.36
Belize,Wine,0.14,0.14,0.11,0.15,0.12,0.14,0.12,0.16,0.14,0.17
Belize,Spirits,1.77,1.75,1.74,1.77,2.03,2.01,1.98,1.91,1.87,1.73
Belize,Other alcoholic beverages,0,0,0,0,0.01,0.05,0.11,0.13,0.15,0.18
Benin,All types,1.43,1.38,1.33,1.44,1.23,1.22,1.26,1.2,1.34,1.21
Benin,Beer,0.54,0.66,0.73,0.7,0.53,0.51,0.53,0.55,0.62,0.62
Benin,Wine,0.12,0.12,0.1,0.12,0.12,0.14,0.17,0.17,0.16,0.2
Benin,Spirits,0.31,0.13,0.02,0.19,0.15,0.16,0.19,0.1,0.25,0.15
Benin,Other alcoholic beverages,0.46,0.48,0.47,0.44,0.42,0.41,0.38,0.38,0.31,0.25
Bhutan,All types,1.66,1.42,0.29,0.52,0.96,1.1,0.33,0.2,0.3,0.22
Bhutan,Beer,1.66,1.42,0.29,0.49,0.96,0.73,0.29,0.16,0.21,0.17
Bhutan,Wine,0,0,0,0,0,0.01,0.02,0.02,0.06,0.02
Bhutan,Spirits,0,0,0,0.03,0.34,0.36,0.02,0.02,0.02,0.03
Bhutan,Other alcoholic beverages,0,0,0,0,0,0,0,0,0,0
Bolivia (Plurinational State of),All types,2.34,2.23,2.28,2.36,2.65,2.85,3.22,3.47,3.75,3.83
Bolivia (Plurinational State of),Beer,1.67,1.54,1.58,1.69,1.99,2.13,2.34,2.55,2.79,2.94
Bolivia (Plurinational State of),Wine,0.1,0.1,0.08,0.1,0.1,0.13,0.24,0.24,0.26,0.22
Bolivia (Plurinational State of),Spirits,0.56,0.58,0.61,0.57,0.56,0.58,0.62,0.67,0.69,0.65
Bolivia (Plurinational State of),Other alcoholic beverages,0,0,0,0,0,0.01,0.01,0.01,0.01,0.02
Bosnia and Herzegovina,All types,3.69,3.95,3.89,4.12,4.22,4.53,4.78,5.11,5.09,4.71
Bosnia and Herzegovina,Beer,2.57,2.61,2.65,2.87,3.03,3.34,3.57,3.77,3.8,3.5
Bosnia and Herzegovina,Wine,0.27,0.49,0.38,0.41,0.4,0.41,0.45,0.58,0.54,0.49
Bosnia and Herzegovina,Spirits,0.85,0.85,0.87,0.85,0.67,0.64,0.61,0.62,0.62,0.59
Bosnia and Herzegovina,Other alcoholic beverages,0,0,0,0,0.12,0.13,0.14,0.13,0.14,0.13
Botswana,All types,4.95,5.12,6.16,5.38,4.67,6.15,7.13,6.84,7.46,5.3
Botswana,Beer,2.32,2.72,2.63,2.51,2.48,2.59,2.65,2.63,2.16,2.25
Botswana,Wine,0.34,0.23,0.53,0.45,0.44,0.91,1.42,1.82,1.13,0.7
Botswana,Spirits,0.53,0.36,1.21,0.81,0,1.01,1.07,0.49,2.06,0.66
Botswana,Other alcoholic beverages,1.76,1.81,1.78,1.61,1.74,1.64,1.99,1.89,2.11,1.69
Brazil,All types,7.35,7.22,7.07,6.88,6.77,6.85,7,7.08,7.09,7.21
Brazil,Beer,3.31,3.32,3.29,3.15,3.19,3.32,3.51,3.68,3.78,4.08
Brazil,Wine,0.44,0.42,0.42,0.4,0.4,0.46,0.41,0.38,0.37,0.39
Brazil,Spirits,3.59,3.47,3.35,3.32,3.15,3.04,3.05,2.99,2.91,2.71
Brazil,Other alcoholic beverages,0.01,0.01,0.01,0.01,0.03,0.03,0.03,0.03,0.03,0.03
Brunei Darussalam,All types,0.37,0.47,0.13,0.12,0.11,0.16,0.66,0.84,0.66,0.25
Brunei Darussalam,Beer,0.19,0.2,0.09,0.09,0.08,0.09,0.5,0.77,0.59,0.18
Brunei Darussalam,Wine,0.03,0.04,0.01,0.02,0.02,0.02,0.03,0.02,0.02,0.01
Brunei Darussalam,Spirits,0.15,0.23,0.03,0.02,0.01,0.05,0.11,0.06,0.05,0.05
Brunei Darussalam,Other alcoholic beverages,0.4,0,0,0,0,0,0.02,0,0,0
Bulgaria,All types,10.08,11.21,10.61,11.19,10.97,10.53,10.42,10.92,11.01,10.96
Bulgaria,Beer,2.99,3.22,2.98,3.3,3.52,3.56,3.96,4.41,4.41,4.03
Bulgaria,Wine,2.43,3.23,2.75,2.93,2.09,1.95,1.58,1.7,1.73,2.02
Bulgaria,Spirits,4.65,4.77,4.88,4.96,5.29,4.93,4.8,4.73,4.8,4.84
Bulgaria,Other alcoholic beverages,0,0,0,0,0.06,0.09,0.07,0.07,0.07,0.07
Burkina Faso,All types,3.74,4.55,4.52,4.6,4.55,4.91,4.72,4.58,4.47,4.57
Burkina Faso,Beer,0.4,0.39,0.41,0.41,0.42,0.44,0.44,0.45,0.46,0.46
Burkina Faso,Wine,0.08,0.08,0.07,0.1,0.09,0.09,0.07,0.07,0.09,0.13
Burkina Faso,Spirits,0.29,0.23,0.27,0.21,0.17,0.43,0.5,0.2,0.13,0.14
Burkina Faso,Other alcoholic beverages,2.97,3.86,3.76,3.87,3.87,3.94,3.7,3.86,3.8,3.84
Burundi,All types,6.72,6.19,6.08,5.94,5.81,5.54,4.5,4.54,4.33,4.05
Burundi,Beer,1.43,0.98,1,1.11,1.17,1.19,1.4,1.42,1.4,1.37
Burundi,Wine,0.01,0.01,0.01,0,0.01,0.01,0,0,0,0
Burundi,Spirits,0,0,0,0,0,0,0.01,0.01,0,0
Burundi,Other alcoholic beverages,5.27,5.2,5.08,4.82,4.63,4.34,3.1,3.11,2.93,2.68
Cabo Verde,All types,3.59,3.95,3.94,4.3,4.31,4.38,4.3,5.32,4.18,4.45
Cabo Verde,Beer,2.17,2.2,2.16,2.4,1.97,2.28,1.95,2.05,1.98,2.21
Cabo Verde,Wine,0.95,1.27,1.5,1.42,1.81,1.96,1.88,2.53,1.89,1.76
Cabo Verde,Spirits,0.47,0.48,0.27,0.46,0.53,0.14,0.47,0.74,0.31,0.48
Cabo Verde,Other alcoholic beverages,0,0,0.01,0.01,0,0,0,0,0,0
Cambodia,All types,0.6,0.61,0.74,0.83,0.9,1.1,1.17,1.28,1.34,1.41
Cambodia,Beer,0.34,0.36,0.48,0.53,0.58,0.77,0.83,0.93,0.98,1.04
Cambodia,Wine,0.01,0,0,0,0,0,0,0,0,0
Cambodia,Spirits,0.26,0.25,0.26,0.3,0.32,0.33,0.34,0.35,0.36,0.36
Cambodia,Other alcoholic beverages,0,0,0,0,0,0,0,0,0,0
Cameroon,All types,4.5,5.04,5.2,5.29,5.32,5.2,5.26,5.33,5.57,6.08
Cameroon,Beer,2.07,2.27,2.36,2.36,2.42,2.1,2.08,2.11,2.3,2.71
Cameroon,Wine,0.07,0.09,0.08,0.08,0.08,0.08,0.08,0.07,0.07,0.08
Cameroon,Spirits,0.02,0.04,0.04,0.06,0.07,0.02,0,0,0,0
Cameroon,Other alcoholic beverages,2.34,2.64,2.73,2.78,2.76,3,3.1,3.14,3.19,3.28
Canada,All types,7.7,7.7,7.7,7.8,7.8,8,8.2,8.3,8.3,8.4
Canada,Beer,4.3,4.2,4.2,4.2,4.2,4.2,4.2,4.2,4.2,4.2
Canada,Wine,1.3,1.4,1.4,1.5,1.5,1.6,1.7,1.8,1.8,1.9
Canada,Spirits,2.1,2.1,2.1,2.1,2.1,2,2.1,2.1,2.1,2.1
Canada,Other alcoholic beverages,0,0,0,0,0,0.2,0.2,0.2,0.2,0.2
Central African Republic,All types,1.69,1.68,1.62,1.62,1.61,1.66,1.63,1.68,1.71,1.62
Central African Republic,Beer,0.41,0.37,0.3,0.27,0.25,0.22,0.26,0.28,0.31,0.3
Central African Republic,Wine,0.03,0.02,0.02,0.01,0.01,0.08,0.01,0.01,0.01,0.01
Central African Republic,Spirits,0.02,0.04,0.02,0.04,0.03,0.03,0.04,0.03,0.02,0.04
Central African Republic,Other alcoholic beverages,1.23,1.25,1.28,1.3,1.32,1.33,1.33,1.36,1.37,1.28
Chad,All types,0.26,0.31,0.36,0.43,0.35,0.43,0.44,0.45,0.49,0.5
Chad,Beer,0.17,0.18,0.22,0.24,0.23,0.24,0.23,0.26,0.29,0.3
Chad,Wine,0,0,0,0,0.01,0,0,0.01,0.02,0.02
Chad,Spirits,0,0,0.03,0.03,0.03,0.02,0.02,0.02,0.02,0.02
Chad,Other alcoholic beverages,0.09,0.12,0.11,0.15,0.08,0.16,0.19,0.16,0.16,0.16
Chile,All types,7.09,6.94,6.88,7.25,6.98,7.57,7.33,7.39,7.31,7.67
Chile,Beer,1.8,1.79,1.76,1.81,1.84,2.01,2.26,2.34,2.43,2.32
Chile,Wine,3.32,3.22,3.2,3.46,3.36,2.59,2.22,2.83,2.17,2.85
Chile,Spirits,1.98,1.92,1.91,1.97,1.6,2.97,2.85,2.22,2.71,2.5
Chile,Other alcoholic beverages,0,0.01,0.01,0.01,0.19,0,0,0,0,0
China,All types,3.11,2.91,2.98,2.98,3.05,2.92,3.28,3.88,4.27,4.88
China,Beer,0.94,0.94,0.98,1.02,1.12,1.18,1.3,1.43,1.5,1.59
China,Wine,0.18,0.19,0.19,0.18,0.18,0.05,0.06,0.08,0.08,0.1
China,Spirits,1.99,1.78,1.81,1.78,1.75,1.67,1.88,2.31,2.64,3.25
China,Other alcoholic beverages,0,0,0,0,0,0,0,0,0,0
Colombia,All types,4.52,4.3,4.33,4.15,4.16,4.27,4.44,4.56,4.36,4.26
Colombia,Beer,2.8,2.52,2.65,2.58,2.58,2.76,2.95,3.1,2.99,2.88
Colombia,Wine,0.04,0.03,0.05,0.05,0.05,0.05,0.07,0.07,0.07,0.07
Colombia,Spirits,1.65,1.71,1.6,1.5,1.5,1.43,1.41,1.37,1.29,1.3
Colombia,Other alcoholic beverages,0.03,0.03,0.03,0.02,0.03,0.02,0.02,0.02,0.02,0.02
Comoros,All types,0.11,0.11,0.1,0.33,0.35,0.24,0.25,0.16,0.12,0.17
Comoros,Beer,0.03,0.02,0.02,0.15,0.17,0.15,0.13,0.05,0.04,0.04
Comoros,Wine,0.04,0.03,0.03,0.06,0.07,0.02,0.02,0.04,0.02,0.02
Comoros,Spirits,0.04,0.05,0.05,0.12,0.11,0.06,0.09,0.07,0.06,0.1
Comoros,Other alcoholic beverages,0,0,0,0,0,0,0,0,0,0
Congo,All types,2.13,2.23,2.56,2.44,2.57,2.42,2.84,3.13,3.25,3.5
Congo,Beer,1.47,1.47,1.75,1.71,1.7,1.83,2.24,2.62,2.79,3.09
Congo,Wine,0.23,0.3,0.28,0.21,0.33,0.18,0.21,0.18,0.01,0.01
Congo,Spirits,0.43,0.46,0.53,0.52,0.54,0.41,0.38,0.31,0.43,0.39
Congo,Other alcoholic beverages,0,0,0,0,0,0,0.01,0.02,0.02,0.02
Cook Islands,All types,4.2,2.69,1.29,8.71,8.27,7.9,7.32,9.59,9.18,9.89
Cook Islands,Beer,0.48,1.27,0.57,2.53,3.14,2.81,2.7,2.99,2.4,3.1
Cook Islands,Wine,2.03,1,0.39,2.27,2.41,2.6,2.02,2.91,2.29,2.3
Cook Islands,Spirits,1.69,0.41,0.34,3.91,2.71,2.49,2.6,3.69,4.49,4.48
Cook Islands,Other alcoholic beverages,0,0,0,0,0,0,0,0,0,0
Costa Rica,All types,4.31,4.26,4.17,4.05,4.12,4.14,4.2,4.26,4.3,4.15
Costa Rica,Beer,2.25,2.24,2.23,2.25,2.24,2.3,2.35,2.44,2.5,2.48
Costa Rica,Wine,0.18,0.13,0.12,0.13,0.14,0.17,0.17,0.2,0.2,0.18
Costa Rica,Spirits,1.87,1.9,1.81,1.67,1.7,1.63,1.64,1.58,1.55,1.45
Costa Rica,Other alcoholic beverages,0,0,0,0,0.04,0.04,0.04,0.05,0.04,0.04
Côte d'Ivoire,All types,4.67,4.69,4.59,4.69,4.48,4.69,3.88,3.69,4.18,4.24
Côte d'Ivoire,Beer,0.57,0.54,0.51,0.63,0.62,0.66,0.61,0.66,0.64,0.62
Côte d'Ivoire,Wine,0.26,0.29,0.35,0.34,0.34,0.24,0.21,0.15,0.12,0.25
Côte d'Ivoire,Spirits,0.04,0.04,0.04,0.04,0.04,0.05,0.02,0.01,0.02,0.02
Côte d'Ivoire,Other alcoholic beverages,3.8,3.82,3.69,3.67,3.48,3.74,3.04,2.88,3.4,3.35
Croatia,All types,14.06,14.56,14.83,13.8,13.12,11.58,11.84,12.28,12.3,12.07
Croatia,Beer,5.15,5.26,5.03,5.14,4.94,4.85,4.98,5.13,5.03,4.76
Croatia,Wine,7.07,7.42,7.95,6.81,6.5,5.08,5.2,5.5,5.62,5.66
Croatia,Spirits,1.81,1.84,1.81,1.83,1.31,1.27,1.27,1.24,1.25,1.24
Croatia,Other alcoholic beverages,0.04,0.04,0.03,0.03,0.38,0.38,0.39,0.41,0.42,0.42
Cuba,All types,3.94,4.07,4.12,4.41,4.4,4.49,4.19,4.13,4.28,4.04
Cuba,Beer,1.33,1.31,1.32,1.51,1.53,1.48,1.57,1.61,1.66,1.59
Cuba,Wine,0.04,0.05,0.05,0.05,0.05,0.05,0.07,0.06,0.08,0.09
Cuba,Spirits,2.57,2.71,2.76,2.85,2.8,2.93,2.53,2.44,2.53,2.33
Cuba,Other alcoholic beverages,0,0,0,0,0.02,0.02,0.02,0.02,0.02,0.02
Cyprus,All types,9.56,10.16,11.68,10.62,13.03,11.41,11.48,11.58,12.03,10.81
Cyprus,Beer,3.69,3.71,3.5,3.56,3.6,3.62,3.58,3.71,3.9,3.69
Cyprus,Wine,2.52,2.47,2.7,2.5,2.64,2.79,2.92,2.92,2.97,2.6
Cyprus,Spirits,3.35,3.97,5.47,4.55,6.79,5,4.97,4.95,5.17,4.52
Cyprus,Other alcoholic beverages,0,0,0,0,0,0,0,0,0,0
Czechia,All types,13.98,13.75,13.72,13.88,13.31,13.26,13.12,13.35,13.35,13.31
Czechia,Beer,7.64,7.46,7.57,7.63,7.55,7.39,7.03,7.03,7.15,7
Czechia,Wine,2.39,2.38,2.25,2.24,2.23,2.23,2.34,2.46,2.45,2.45
Czechia,Spirits,3.94,3.92,3.9,4.01,3.53,3.64,3.75,3.86,3.74,3.86
Czechia,Other alcoholic beverages,0,0,0,0,0,0,0,0,0,0
Democratic People's Republic of Korea,All types,3.54,2.54,3.09,3.13,3.13,3.2,3.28,3.13,3.16,3.35
Democratic People's Republic of Korea,Beer,0.23,0.2,0.2,0.21,0.19,0.19,0.19,0.18,0.14,0.15
Democratic People's Republic of Korea,Wine,0,0,0,0,0,0,0,0,0,0
Democratic People's Republic of Korea,Spirits,3.31,2.34,2.89,2.92,2.94,3.01,3.09,2.95,3.02,3.2
Democratic People's Republic of Korea,Other alcoholic beverages,0,0,0,0,0,0,0,0,0,0
Democratic Republic of the Congo,All types,0.55,0.47,0.52,0.48,0.62,0.7,0.77,1.08,1.26,1.17
Democratic Republic of the Congo,Beer,0.29,0.26,0.27,0.27,0.31,0.33,0.41,0.48,0.53,0.54
Democratic Republic of the Congo,Wine,0,0,0,0.01,0.01,0.01,0.02,0.23,0.18,0.23
Democratic Republic of the Congo,Spirits,0.01,0.02,0.01,0.01,0.03,0.03,0.04,0.03,0.07,0.02
Democratic Republic of the Congo,Other alcoholic beverages,0.25,0.19,0.24,0.19,0.27,0.33,0.31,0.34,0.49,0.38
Denmark,All types,11.68,11.55,11.33,11.54,11.27,11.27,11.02,11,10.71,10.09
Denmark,Beer,5.75,5.56,5.48,5.47,5.11,5.05,4.92,4.77,4.51,4.13
Denmark,Wine,4.52,4.59,4.43,4.47,4.32,4.44,4.34,4.42,4.47,4.38
Denmark,Spirits,1.41,1.39,1.42,1.6,1.85,1.78,1.69,1.74,1.66,1.52
Denmark,Other alcoholic beverages,0,0,0,0,0,0,0.07,0.07,0.06,0.05
Djibouti,All types,1.34,0.95,1.03,1.02,1.18,1.23,1.02,0.46,0.45,0.49
Djibouti,Beer,0.23,0.22,0.3,0.24,0.24,0.21,0.2,0.18,0.17,0.21
Djibouti,Wine,0.03,0.06,0.07,0.08,0.07,0.08,0.04,0.06,0.06,0.07
Djibouti,Spirits,1.08,0.67,0.66,0.7,0.87,0.94,0.75,0.22,0.21,0.21
Djibouti,Other alcoholic beverages,0,0,0,0,0,0,0.03,0.01,0.01,0
Dominica,All types,8.86,8.62,8.36,7.15,8.42,8.12,8.62,8.51,9.74,7.45
Dominica,Beer,0.8,0.98,0.82,0.3,0.85,0.5,0.77,0.83,0.98,0.43
Dominica,Wine,1.17,0.89,0.99,0.81,0.76,0.86,0.71,1.13,1.36,0.63
Dominica,Spirits,6.85,6.72,6.51,6.03,6.79,6.69,7.11,6.53,7.38,6.35
Dominica,Other alcoholic beverages,0.04,0.02,0.03,0.01,0.01,0.07,0.03,0.02,0.03,0.05
Dominican Republic,All types,6.66,6.21,6.51,6.4,5.23,5.79,6.3,6.14,6.21,6.15
Dominican Republic,Beer,2.66,2.41,2.72,2.65,2.06,2.75,3.38,2.92,3.08,3.24
Dominican Republic,Wine,0.21,0.14,0.14,0.16,0.13,0.13,0.15,0.16,0.15,0.15
Dominican Republic,Spirits,3.78,3.65,3.64,3.59,2.98,2.85,2.7,3,2.91,2.68
Dominican Republic,Other alcoholic beverages,0,0,0,0,0.05,0.06,0.06,0.06,0.06,0.07
Ecuador,All types,3.97,4.12,3.87,3.7,3.66,3.56,3.54,3.64,3.77,3.88
Ecuador,Beer,1.34,1.5,1.64,1.76,1.82,1.92,2.1,2.17,2.4,2.62
Ecuador,Wine,0.03,0.05,0.04,0.05,0.05,0.04,0.05,0.07,0.04,0.04
Ecuador,Spirits,2.59,2.57,2.19,1.89,1.77,1.58,1.37,1.4,1.32,1.19
Ecuador,Other alcoholic beverages,0,0,0,0,0.01,0.01,0.01,0.01,0.02,0.02
Egypt,All types,0.14,0.14,0.15,0.15,0.16,0.16,0.18,0.2,0.23,0.2
Egypt,Beer,0.06,0.06,0.07,0.07,0.08,0.09,0.1,0.11,0.11,0.11
Egypt,Wine,0.01,0.01,0.02,0.02,0.02,0.02,0.02,0.04,0.05,0.04
Egypt,Spirits,0.07,0.06,0.06,0.06,0.05,0.05,0.05,0.06,0.06,0.05
Egypt,Other alcoholic beverages,0,0,0,0,0,0,0,0,0,0
El Salvador,All types,2.67,2.76,2.85,2.98,2.78,2.67,2.66,2.73,2.59,2.48
El Salvador,Beer,0.99,1.01,1.03,1.02,1.03,0.91,0.97,1,0.96,0.92
El Salvador,Wine,0.04,0.02,0.02,0.09,0.03,0.03,0.03,0.03,0.03,0.03
El Salvador,Spirits,1.64,1.73,1.79,1.87,1.72,1.74,1.66,1.69,1.6,1.53
El Salvador,Other alcoholic beverages,0,0,0,0,0,0,0,0,0,0
Equatorial Guinea,All types,4.44,5.09,6.03,7.14,7.72,7.15,7.23,6.81,8.28,7.89
Equatorial Guinea,Beer,0.68,0.8,1.21,2.13,2.44,3.06,3.32,3.14,3.92,4.02
Equatorial Guinea,Wine,3.77,4.3,4.82,5.01,5.28,4.1,3.91,3.67,4.36,3.86
Equatorial Guinea,Spirits,0,0,0,0,0,0,0,0,0,0
Equatorial Guinea,Other alcoholic beverages,0,0,0,0,0,0,0,0,0,0
Eritrea,All types,0.9,0.67,0.9,0.61,0.71,1.07,0.97,1.23,0.17,0.47
Eritrea,Beer,0.53,0.5,0.47,0.45,0.59,0.62,0.5,0.38,0,0.25
Eritrea,Wine,0,0,0,0,0,0,0,0,0,0
Eritrea,Spirits,0.02,0.04,0.03,0.02,0.02,0.02,0,0,0,0
Eritrea,Other alcoholic beverages,0.36,0.14,0.4,0.14,0.1,0.44,0.46,0.85,0.16,0.22
Estonia,All types,7.9,9.22,10.36,11.55,13.23,14.7,15.83,17.37,16.38,14.32
Estonia,Beer,4.24,4.52,4.63,4.59,5.29,5.05,5.16,5.3,5.05,4.69
Estonia,Wine,0.35,0.32,0.36,0.37,0.64,1.42,1.45,1.39,1.3,1.06
Estonia,Spirits,3.08,4.1,5.05,6.11,6.61,6.99,7.95,9.28,8.2,7.2
Estonia,Other alcoholic beverages,0.23,0.28,0.32,0.49,0.69,1.24,1.27,1.4,1.83,1.37
Eswatini,All types,7.11,6.74,5.64,5.76,5.93,5.03,6.24,6.32,5.62,5.63
Eswatini,Beer,1.78,1.54,1.57,1.63,1.62,1.69,1.61,1.54,1.44,1.52
Eswatini,Wine,0.61,0.26,0.16,0.05,0.02,0.02,0.01,0.04,0.02,0.04
Eswatini,Spirits,0.08,0.47,0.03,0.44,0.94,0.16,0.5,0.41,0.02,0.03
Eswatini,Other alcoholic beverages,4.64,4.46,3.88,3.64,3.34,3.17,4.12,4.33,4.13,4.04
Ethiopia,All types,0.57,0.54,0.52,0.52,0.56,0.65,0.83,0.75,0.44,0.77
Ethiopia,Beer,0.19,0.2,0.2,0.19,0.22,0.25,0.34,0.36,0.34,0.32
Ethiopia,Wine,0.01,0.01,0.01,0.01,0.01,0.01,0.01,0.01,0,0.01
Ethiopia,Spirits,0.05,0.03,0.04,0.04,0.04,0.05,0.07,0.07,0.06,0.06
Ethiopia,Other alcoholic beverages,0.33,0.3,0.28,0.28,0.29,0.34,0.41,0.32,0.04,0.39
Fiji,All types,2.05,1.93,1.85,1.76,1.63,2.02,2.07,2.1,1.96,2.32
Fiji,Beer,1.76,1.67,1.67,1.47,1.44,1.42,1.38,1.37,1.36,1.35
Fiji,Wine,0.08,0.11,0.02,0.01,0.02,0.02,0.02,0.02,0.02,0.02
Fiji,Spirits,0.21,0.16,0.16,0.28,0.16,0.58,0.67,0.72,0.58,0.95
Fiji,Other alcoholic beverages,0,0,0,0,0.01,0,0,0,0,0
Finland,All types,8.59,8.94,9.25,9.31,9.89,9.95,10.15,10.45,10.26,9.96
Finland,Beer,4.27,4.37,4.43,4.37,4.57,4.59,4.57,4.7,4.62,4.54
Finland,Wine,1.07,1.19,1.31,1.43,1.42,1.47,1.55,1.64,1.67,1.68
Finland,Spirits,2.22,2.32,2.37,2.38,2.79,2.82,2.86,2.86,2.69,2.49
Finland,Other alcoholic beverages,1.04,1.06,1.14,1.13,1.11,1.08,1.17,1.25,1.28,1.25
France,All types,13.63,13.89,13.78,13.49,13.18,12.6,12.4,12.6,12.3,12.3
France,Beer,2.08,2.15,2.25,2.29,2.24,2.3,2.4,2.3,2.2,2.2
France,Wine,8.59,8.4,8.59,8.36,8.1,7.4,7.1,7.3,7,7.1
France,Spirits,2.71,2.77,2.74,2.65,2.67,2.6,2.7,2.7,2.8,2.7
France,Other alcoholic beverages,0.25,0.56,0.2,0.19,0.17,0.3,0.2,0.3,0.3,0.3
Gabon,All types,8.84,9.26,8.3,6.45,8.1,7.68,7.98,8.99,8.73,8.61
Gabon,Beer,5.86,6.04,5.35,4.85,4.85,5.31,5.53,5.8,6.23,6.06
Gabon,Wine,1.52,1.55,1.27,0.84,0.99,0.84,0.97,1.15,0.93,0.93
Gabon,Spirits,1.46,1.67,1.68,0.77,2.23,1.51,1.46,1.99,1.52,1.56
Gabon,Other alcoholic beverages,0,0,0,0,0.03,0.02,0.02,0.05,0.04,0.05
Gambia,All types,3.14,3.28,3.37,3.63,3.55,3.3,3.24,3.18,2.98,3.05
Gambia,Beer,0.2,0.19,0.2,0.23,0.24,0.23,0.24,0.24,0.18,0.17
Gambia,Wine,0,0.02,0.05,0.04,0.05,0.05,0.03,0.05,0.04,0.03
Gambia,Spirits,0,0,0,0,0,0,0.04,0.05,0.01,0.01
Gambia,Other alcoholic beverages,2.93,3.07,3.12,3.37,3.26,3.03,2.94,2.85,2.76,2.85
Georgia,All types,3.71,3.09,3.02,3.36,3.74,4.7,6.29,7.64,8.05,6.88
Georgia,Beer,0.41,0.45,0.5,0.56,0.59,0.78,0.87,1.08,1.17,0.89
Georgia,Wine,2,1.57,1.42,1.27,1.28,2.01,3.49,4.49,4.81,3.95
Georgia,Spirits,1.3,1.07,1.1,1.53,1.87,1.91,1.93,2.06,2.07,2.04
Georgia,Other alcoholic beverages,0,0,0,0,0,0,0,0,0,0
Germany,All types,12.91,12.46,12.25,11.92,11.83,12.04,12.14,11.89,11.75,11.61
Germany,Beer,7.16,6.71,6.67,6.43,6.29,6.62,6.73,6.48,6.35,6.34
Germany,Wine,3.18,3.21,3.14,3.14,3.06,3.13,3.13,3.24,3.24,3.11
Germany,Spirits,2.57,2.54,2.44,2.35,2.48,2.29,2.28,2.16,2.16,2.15
Germany,Other alcoholic beverages,0,0,0,0,0,0,0,0,0,0
Ghana,All types,1.95,1.85,1.95,1.91,1.79,1.81,1.96,1.39,2.18,1.92
Ghana,Beer,0.41,0.33,0.4,0.39,0.42,0.43,0.49,0.48,0.49,0.47
Ghana,Wine,0.04,0.04,0.05,0.07,0.08,0.08,0.11,0.14,0.15,0.12
Ghana,Spirits,0.11,0.18,0.21,0.07,0.06,0.03,0.07,0.09,0.11,0.06
Ghana,Other alcoholic beverages,1.39,1.3,1.29,1.38,1.22,1.27,1.29,0.69,1.44,1.27
Greece,All types,9.16,9.32,8.67,9.49,9.6,10.03,9.47,9.7,9.52,9.07
Greece,Beer,2.4,2.35,2.38,2.25,2.22,2.22,2.27,2.38,2.4,2.27
Greece,Wine,4.34,4.45,3.69,4.58,4.91,5.35,4.75,4.88,4.72,4.46
Greece,Spirits,2.39,2.49,2.57,2.63,2.26,2.27,2.27,2.26,2.22,2.18
Greece,Other alcoholic beverages,0.03,0.03,0.03,0.03,0.21,0.2,0.18,0.17,0.17,0.16
Grenada,All types,9.4,9.64,10.75,9.76,8.38,8.79,9.05,9.04,8.92,8.42
Grenada,Beer,3.5,3.53,3.47,3.74,3.62,3.87,4.15,4,3.86,3.54
Grenada,Wine,0.74,0.38,0.32,0.41,0.27,0.39,0.31,0.46,0.49,0.48
Grenada,Spirits,5.15,5.72,6.93,5.61,4.38,4.36,4.39,4.34,4.26,4.12
Grenada,Other alcoholic beverages,0.01,0.01,0.02,0.01,0.1,0.17,0.2,0.24,0.31,0.27
Guatemala,All types,2.48,2.37,2.26,2.29,2.25,2.2,2.22,2.24,2.06,2
Guatemala,Beer,1.04,0.99,0.93,1.04,1.1,1.05,1.05,1.03,0.88,0.8
Guatemala,Wine,0.03,0.03,0.03,0.03,0.03,0.03,0.03,0.03,0.03,0.03
Guatemala,Spirits,1.4,1.35,1.29,1.22,1.11,1.11,1.14,1.17,1.15,1.17
Guatemala,Other alcoholic beverages,0,0,0,0,0,0,0,0,0,0
Guinea,All types,0.17,0.17,0.2,0.18,0.34,0.2,0.16,0.19,0.2,0.18
Guinea,Beer,0.15,0.15,0.16,0.16,0.16,0.16,0.12,0.15,0.17,0.15
Guinea,Wine,0.01,0.02,0.04,0.02,0.02,0.02,0.01,0.02,0.03,0.02
Guinea,Spirits,0.01,0.01,0,0,0.16,0.03,0.01,0.01,0.01,0.01
Guinea,Other alcoholic beverages,0,0,0,0,0,0,0,0.01,0,0
Guinea-Bissau,All types,2.94,2.56,2.43,2.86,3.32,3.46,3.26,3.03,2.84,2.73
Guinea-Bissau,Beer,0.41,0.33,0.32,0.38,0.43,0.36,0.37,0.36,0.3,0.45
Guinea-Bissau,Wine,0.58,0.45,0.63,0.54,0.51,0.6,0.41,0.59,0.54,0.53
Guinea-Bissau,Spirits,0.54,0.53,0.51,0.5,0.49,0.48,0.5,0.49,0.52,0.51
Guinea-Bissau,Other alcoholic beverages,1.42,1.25,0.96,1.44,1.89,2.02,1.97,1.59,1.49,1.24
Guyana,All types,6.7,6.78,7.85,8.11,8.06,5.22,4.99,5.09,5.02,5.08
Guyana,Beer,1.61,1.6,1.69,1.43,1.37,1.37,1.48,1.52,1.55,1.63
Guyana,Wine,0,0.01,0.02,0.02,0.02,0.01,0.01,0.09,0.02,0.02
Guyana,Spirits,5.09,5.17,6.14,6.67,6.64,3.8,3.46,3.45,3.41,3.4
Guyana,Other alcoholic beverages,0,0,0,0,0.03,0.03,0.03,0.03,0.03,0.03
Haiti,All types,4.81,6.24,6.13,6.67,6.13,5.34,6.26,6.15,6,5.9
Haiti,Beer,0.03,0.03,0.03,0.01,0.01,0.1,0.12,0.13,0.11,0.12
Haiti,Wine,0.01,0.02,0.02,0.01,0.01,0.01,0.01,0.02,0.01,0.01
Haiti,Spirits,4.77,6.19,6.08,6.65,6.11,5.22,6.13,6.01,5.87,5.76
Haiti,Other alcoholic beverages,0,0,0,0,0,0.01,0.01,0.01,0.01,0.01
Honduras,All types,2.61,2.74,3.09,3.04,3.02,3.23,3.23,3.12,3.05,2.97
Honduras,Beer,1.34,1.33,1.41,1.38,1.27,1.27,1.28,1.26,1.24,1.22
Honduras,Wine,0.04,0.01,0.02,0.02,0.02,0.04,0.02,0.01,0.03,0.02
Honduras,Spirits,1.23,1.4,1.66,1.64,1.72,1.92,1.93,1.85,1.78,1.73
Honduras,Other alcoholic beverages,0,0,0,0,0,0,0,0,0,0
Hungary,All types,12.23,13.18,13.28,13.24,,12.94,13.16,12.55,11.64,11.46
Hungary,Beer,4.3,4.25,4.34,4.47,,4.3,4.38,4.58,4.28,4.26
Hungary,Wine,4.08,4.86,4.88,4.6,,4.5,4.53,3.85,3.25,3.21
Hungary,Spirits,3.85,4.07,4.06,4.17,,4.14,4.25,4.12,4.11,3.99
Hungary,Other alcoholic beverages,,,,,,,,0,0,0
Iceland,All types,6.14,6.32,6.53,6.52,6.71,7.05,7.2,7.53,7.19,7.24
Iceland,Beer,3.03,3.12,3.29,3.35,3.49,3.67,3.78,3.95,3.55,3.84
Iceland,Wine,1.34,1.48,1.59,1.71,1.83,1.95,1.97,2.04,2.12,1.94
Iceland,Spirits,1.76,1.73,1.65,1.47,1.39,1.43,1.45,1.54,1.52,1.47
Iceland,Other alcoholic beverages,0,0,0,,,,,,,
India,All types,0.93,0.99,1.09,1.18,1.19,1.26,1.35,1.57,1.91,2.47
India,Beer,0.07,0.07,0.07,0.08,0.08,0.09,0.11,0.12,0.13,0.15
India,Wine,0,0.01,0.01,0.01,0.01,0.01,0,0,0,0
India,Spirits,0.86,0.92,1,1.1,1.1,1.16,1.24,1.44,1.77,2.33
India,Other alcoholic beverages,0,0,0,0,0,0,0,0,0,0
Indonesia,All types,0.06,0.06,0.05,0.05,0.06,0.07,0.07,0.07,0.08,0.09
Indonesia,Beer,0.06,0.06,0.05,0.05,0.06,0.06,0.06,0.06,0.07,0.08
Indonesia,Wine,0,0,0,0,0,0,0,0,0,0
Indonesia,Spirits,0,0,0,0,0,0,0,0,0.01,0.01
Indonesia,Other alcoholic beverages,0,0,0,0,0,0,0,0,0,0
Iran (Islamic Republic of),All types,0,0,0,0.01,0.01,0.01,0.02,0.02,0.02,0.03
Iran (Islamic Republic of),Beer,0,0,0,0,0,0,0,0,0,0
Iran (Islamic Republic of),Wine,0,0,0,0,0,0,0,0,0,0
Iran (Islamic Republic of),Spirits,0,0,0,0.01,0.01,0.01,0.02,0.02,0.02,0.03
Iran (Islamic Republic of),Other alcoholic beverages,0,0,0,0,0,0,0,0,0,0
Iraq,All types,0.2,0.17,0.15,0.07,0.32,0.18,0.03,0.15,0.17,0.2
Iraq,Beer,0.2,0.16,0.14,0.06,0.3,0.15,0,0.11,0.13,0.16
Iraq,Wine,0,0,0,0,0,0,0,0,0,0
Iraq,Spirits,0,0,0.01,0.01,0.02,0.03,0.03,0.03,0.04,0.04
Iraq,Other alcoholic beverages,0,0,0,0,0,0,0,0,0,0
Ireland,All types,13.87,14.06,13.98,13.07,13.14,13.42,13.38,13.37,12.42,11.27
Ireland,Beer,7.89,7.76,7.56,7.22,7.01,7.04,6.84,6.63,6.18,5.76
Ireland,Wine,1.76,1.94,2.14,2.26,2.53,2.75,2.87,3,2.86,2.65
Ireland,Spirits,2.98,3.02,3.11,2.43,2.45,2.55,2.57,2.68,2.45,1.99
Ireland,Other alcoholic beverages,1.23,1.34,1.16,1.15,1.15,1.08,1.1,1.06,0.93,0.87
Israel,All types,2.63,2.61,2.55,2.36,2.3,2.41,2.23,2.34,2.48,2.56
Israel,Beer,1.12,1.05,0.92,0.79,0.76,0.88,0.78,0.97,1.02,1.05
Israel,Wine,0.35,0.27,0.3,0.22,0.23,0.22,0.18,0.17,0.22,0.18
Israel,Spirits,1.16,1.29,1.32,1.36,1.24,1.27,1.21,1.15,1.19,1.27
Israel,Other alcoholic beverages,0,0,0,0,0.06,0.05,0.05,0.05,0.05,0.05
Italy,All types,9.78,9.68,9.25,9.3,8.98,7.41,7.26,7.19,6.84,6.4
Italy,Beer,1.64,1.69,1.64,1.75,1.72,1.48,1.51,1.55,1.47,1.4
Italy,Wine,7.06,6.93,6.54,6.47,6.19,5.03,4.89,4.92,4.65,4.3
Italy,Spirits,1.07,1.07,1.07,1.07,1.07,0.9,0.85,0.72,0.72,0.7
Italy,Other alcoholic beverages,0,0,0,0,0,0,0,0,0,0
Jamaica,All types,3.43,3.41,3.3,3.08,3.12,3.08,3.02,2.99,2.94,2.84
Jamaica,Beer,1.63,1.36,1.3,1.17,1.16,1.16,1.12,1.16,1.23,1.06
Jamaica,Wine,0.1,0.12,0.12,0.09,0.14,0.11,0.15,0.18,0.14,0.14
Jamaica,Spirits,1.7,1.94,1.88,1.82,1.64,1.65,1.58,1.49,1.4,1.49
Jamaica,Other alcoholic beverages,0,0,0,0,0.17,0.17,0.17,0.16,0.16,0.15
Japan,All types,7.96,8.02,7.87,7.83,7.69,7.99,7.48,7.28,7.06,6.98
Japan,Beer,2.5,2.21,1.97,1.81,1.74,1.72,1.67,1.63,1.47,1.38
Japan,Wine,0.29,0.28,0.28,0.27,0.31,0.29,0.26,0.24,0.25,0.25
Japan,Spirits,2.94,3.05,3.14,3.33,3.41,3.36,3.37,2.62,2.62,2.64
Japan,Other alcoholic beverages,2.23,2.48,2.48,2.42,2.22,2.61,2.18,2.79,2.72,2.7
Jordan,All types,0.49,0.55,0.54,0.54,0.54,0.55,0.58,0.59,0.61,0.59
Jordan,Beer,0.07,0.15,0.14,0.13,0.15,0.16,0.17,0.18,0.19,0.19
Jordan,Wine,0.01,0.01,0.01,0.02,0.01,0.02,0.02,0.01,0.01,0.01
Jordan,Spirits,0.41,0.39,0.39,0.39,0.37,0.36,0.38,0.39,0.4,0.38
Jordan,Other alcoholic beverages,0,0,0,0,0.01,0.01,0.01,0.01,0.01,0.01
Kazakhstan,All types,6,5.66,5.94,6.42,6.39,6.73,6.91,7.26,7.4,6.44
Kazakhstan,Beer,0.85,0.96,1.13,1.34,1.48,1.88,2.16,2.53,2.81,1.87
Kazakhstan,Wine,0.35,0.25,0.41,0.53,0.4,0.43,0.35,0.33,0.27,0.35
Kazakhstan,Spirits,4.8,4.45,4.41,4.55,4.5,4.42,4.4,4.4,4.33,4.22
Kazakhstan,Other alcoholic beverages,0,0,0,0,0,0,0,0,0,0
Kenya,All types,1.31,1.35,1.4,1.19,1.29,1.49,1.96,2.2,1.79,2.04
Kenya,Beer,0.65,0.68,0.67,0.56,0.65,0.85,0.82,0.95,1.07,1.05
Kenya,Wine,0.01,0.02,0.02,0.01,0.02,0.02,0.02,0.03,0.02,0.02
Kenya,Spirits,0.54,0.55,0.54,0.48,0.49,0.51,0.45,0.44,0.44,0.41
Kenya,Other alcoholic beverages,0.11,0.11,0.16,0.14,0.12,0.11,0.67,0.79,0.26,0.56
Kiribati,All types,0.46,0.6,0.49,0.5,0.48,0.6,0.79,0.7,0.48,0.56
Kiribati,Beer,0.39,0.42,0.45,0.4,0.43,0.56,0.65,0.51,0.44,0.49
Kiribati,Wine,0.02,0.01,0,0,0,0.01,0.1,0.16,0.02,0.02
Kiribati,Spirits,0.05,0.17,0.04,0.02,0.03,0.02,0.03,0.03,0.02,0.05
Kiribati,Other alcoholic beverages,0,0,0,0,0.01,0.01,0,0,0,0
Kuwait,All types,0.01,0.01,0.01,0.03,0.02,0.01,0.01,0.03,0.03,0.1
Kuwait,Beer,0,0,0,0.02,0,0,0,0.02,0.02,0.09
Kuwait,Wine,0,0,0,0,0.01,0,0,0,0,0
Kuwait,Spirits,0.01,0.01,0.01,0.01,0.01,0.01,0.01,0.01,0.01,0.01
Kuwait,Other alcoholic beverages,0,0,0,0,0,0,0,0,0,0
Kyrgyzstan,All types,5.32,5.74,5.89,6.43,6.74,6.52,6.77,6.97,7.28,5.99
Kyrgyzstan,Beer,0.26,0.32,0.36,0.54,0.7,0.65,0.65,0.75,1,0.48
Kyrgyzstan,Wine,0.09,0.22,0.22,0.21,0.14,0.12,0.12,0.12,0.12,0.12
Kyrgyzstan,Spirits,4.97,5.2,5.31,5.68,5.9,5.75,6,6.1,6.16,5.39
Kyrgyzstan,Other alcoholic beverages,0,0,0,0,0,0,0,0,0,0
Lao People's Democratic Republic,All types,5.19,3.14,3.35,3.43,3.56,3.71,3.73,5.07,5.2,5.3
Lao People's Democratic Republic,Beer,0.85,0.94,1.02,1.12,1.23,1.42,1.51,1.77,2.06,2.2
Lao People's Democratic Republic,Wine,0.02,0.01,0,0,0,0,0,0,0,0
Lao People's Democratic Republic,Spirits,4.32,2.19,2.33,2.31,2.32,2.29,2.23,3.31,3.14,3.1
Lao People's Democratic Republic,Other alcoholic beverages,0,0,0,0,0,0,0,0,0,0
Latvia,All types,7.13,6.68,7.44,8.24,8.81,9.92,10.4,12.12,11.84,9.85
Latvia,Beer,1.97,2.12,2.74,2.97,3.69,3.8,4.09,4.15,4.12,4.35
Latvia,Wine,1.6,1.38,1.5,1.78,0.95,0.94,1.06,1.18,1.13,1.03
Latvia,Spirits,3.45,3.04,3.04,3.33,3.74,4.57,4.48,5.91,5.8,3.94
Latvia,Other alcoholic beverages,0.11,0.14,0.16,0.16,0.43,0.6,0.78,0.88,0.79,0.53
Lebanon,All types,2.26,2.19,1.98,2.19,2.1,1.94,1.82,1.72,1.68,1.61
Lebanon,Beer,0.44,0.44,0.44,0.44,0.45,0.41,0.39,0.39,0.39,0.39
Lebanon,Wine,0.7,0.64,0.59,0.85,0.82,0.77,0.66,0.52,0.42,0.32
Lebanon,Spirits,1.12,1.11,0.95,0.89,0.82,0.75,0.76,0.79,0.85,0.88
Lebanon,Other alcoholic beverages,0,0,0,0,0.02,0.02,0.02,0.02,0.02,0.02
Lesotho,All types,3.1,2.87,2.97,2,1.81,2.49,2.82,2.9,2.97,2.98
Lesotho,Beer,1.54,1.57,1.48,1.37,1.31,1.26,1.23,1.3,1.35,1.33
Lesotho,Wine,0.04,0.04,0,0,0,0,0,0.01,0.01,0.01
Lesotho,Spirits,0.37,0.36,0.36,0,0,0.53,0.54,0.55,0.56,0.55
Lesotho,Other alcoholic beverages,1.15,0.9,1.14,0.63,0.5,0.7,1.05,1.05,1.05,1.09
Liberia,All types,4.46,4.41,4.28,4.22,4.24,4.19,4.05,4.04,3.89,3.75
Liberia,Beer,0.17,0.17,0.15,0.15,0.25,0.29,0.3,0.34,0.34,0.34
Liberia,Wine,0,0,0,0,0,0,0,0.01,0.01,0.01
Liberia,Spirits,4.29,4.24,4.13,4.07,3.99,3.89,3.75,3.68,3.54,3.4
Liberia,Other alcoholic beverages,0,0,0,0,0,0,0,0,0,0
Libya,All types,0.01,0,0.01,0.01,0.01,0,0.01,0.01,0.01,0.01
Libya,Beer,0,0,0,0,0,0,0.01,0,0,0.01
Libya,Wine,0,0,0,0,0,0,0,0,0,0
Libya,Spirits,0.01,0,0,0.01,0.01,0,0,0,0.01,0.01
Libya,Other alcoholic beverages,0,0,0,0,0,0,0,0,0,0
Lithuania,All types,9.87,10.2,11,11.29,12.1,12.3,12.7,13.4,13.3,12.4
Lithuania,Beer,3.78,4,4.66,4.58,4.62,5.8,6,5.6,5.4,5.4
Lithuania,Wine,2.1,1.89,2.06,2.24,2.37,1.4,1.4,0.9,0.9,0.9
Lithuania,Spirits,3.3,3.67,3.59,3.71,4.31,4.5,4.5,5.3,5.5,4.6
Lithuania,Other alcoholic beverages,0.69,0.64,0.69,0.76,0.79,0.6,0.8,1.6,1.5,1.5
Luxembourg,All types,13.14,12.89,12.91,12.61,12.42,12.02,12.17,11.94,11.72,11.6
Luxembourg,Beer,4.62,4.43,4.46,4.36,4.27,4.46,4.57,4.39,4.28,4.27
Luxembourg,Wine,5.88,5.81,5.86,5.75,5.58,5.12,5.11,5.12,4.97,4.91
Luxembourg,Spirits,2.64,2.66,2.59,2.5,2.58,2.44,2.49,2.43,2.48,2.43
Luxembourg,Other alcoholic beverages,0,0,0,0,0,0,0,0,0,0
Madagascar,All types,1.31,1.17,0.91,0.94,0.83,0.83,0.68,0.71,0.68,0.91
Madagascar,Beer,0.4,0.41,0.28,0.38,0.36,0.34,0.34,0.38,0.37,0.4
Madagascar,Wine,0.24,0.22,0.22,0.22,0.13,0.15,0.17,0.17,0.17,0.17
Madagascar,Spirits,0.67,0.54,0.42,0.34,0.34,0.34,0.17,0.16,0.14,0.34
Madagascar,Other alcoholic beverages,0,0,0,0,0,0,0,0,0,0
Malawi,All types,1.38,1.33,1.27,1.24,1.27,1.48,1.98,1.98,1.94,1.78
Malawi,Beer,0.16,0.16,0.15,0.15,0.14,0.14,0.14,0.14,0.15,0.15
Malawi,Wine,0,0.01,0.01,0.02,0.01,0.01,0.01,0,0.15,0.02
Malawi,Spirits,0.3,0.28,0.26,0.25,0.29,0.23,0.22,0.2,0.15,0.21
Malawi,Other alcoholic beverages,0.91,0.88,0.84,0.83,0.83,1.1,1.61,1.63,1.49,1.4
Malaysia,All types,0.54,0.53,0.49,0.48,0.49,0.46,0.43,0.43,0.47,0.47
Malaysia,Beer,0.45,0.41,0.41,0.4,0.41,0.38,0.34,0.34,0.37,0.37
Malaysia,Wine,0.02,0.04,0,0,0.01,0.01,0,0.01,0.01,0
Malaysia,Spirits,0.08,0.08,0.08,0.08,0.08,0.08,0.08,0.08,0.09,0.09
Malaysia,Other alcoholic beverages,0,0,0,0,0,0,0,0,0.01,0.01
Maldives,All types,1.47,1.62,1.78,1.76,1.6,1.35,1.57,1.69,1.72,1.62
Maldives,Beer,0.38,0.51,0.54,0.51,0.54,0.4,0.53,0.56,0.54,0.46
Maldives,Wine,0.3,0.29,0.36,0.36,0.36,0.3,0.29,0.36,0.36,0.32
Maldives,Spirits,0.74,0.76,0.82,0.82,0.65,0.65,0.74,0.77,0.82,0.83
Maldives,Other alcoholic beverages,0,0,0,0,0,0,0,0,0,0
Mali,All types,0.57,0.6,0.61,0.55,0.54,0.54,0.55,0.55,0.58,0.56
Mali,Beer,0.06,0.06,0.06,0.06,0.06,0.06,0.06,0.07,0.07,0.07
Mali,Wine,0.01,0.02,0.05,0.01,0,0,0,0,0,0
Mali,Spirits,0,0.01,0.01,0.01,0.01,0,0.01,0.01,0.02,0.01
Mali,Other alcoholic beverages,0.49,0.5,0.49,0.48,0.47,0.47,0.47,0.47,0.48,0.48
Malta,All types,5.88,5.95,6.11,6.8,6.66,6.55,9.03,7.62,7.27,7.53
Malta,Beer,2.83,2.72,2.61,1.83,1.86,1.7,2.15,2.37,2.66,2.71
Malta,Wine,1.17,1.38,1.58,3.08,3.01,2.96,4.95,3.27,2.71,2.94
Malta,Spirits,1.88,1.85,1.9,1.87,1.53,1.58,1.6,1.62,1.55,1.55
Malta,Other alcoholic beverages,0,0,0.03,0.02,0.27,0.31,0.33,0.36,0.35,0.33
Mauritania,All types,0.03,0.01,0.02,0.01,0.01,0.01,0.01,0.02,0.02,0
Mauritania,Beer,0,0,0,0,0,0,0,0,0,0
Mauritania,Wine,0.01,0,0,0,0,0,0,0,0,0
Mauritania,Spirits,0.02,0.01,0.01,0,0.01,0.01,0.01,0.02,0.01,0
Mauritania,Other alcoholic beverages,0,0,0,0,0,0,0,0,0,0
Mauritius,All types,4.6,4.37,4.13,4.08,4.17,3.94,3.73,3.24,2.49,2.82
Mauritius,Beer,2.21,2.15,1.92,2,1.99,1.96,1.81,1.79,1.57,1.98
Mauritius,Wine,0.29,0.26,0.42,0.28,0.3,0.32,0.3,0.33,0.35,0.26
Mauritius,Spirits,2.1,1.96,1.79,1.8,1.88,1.66,1.61,1.12,0.56,0.58
Mauritius,Other alcoholic beverages,0,0,0,0,0,0,0,0,0,0
Mexico,All types,5.06,4.93,4.82,4.91,4.93,4.96,5.13,5.35,5.34,5.23
Mexico,Beer,3.72,3.7,3.65,3.73,3.76,3.85,3.97,4.11,4.09,4.02
Mexico,Wine,0.09,0.09,0.09,0.11,0.11,0.09,0.09,0.12,0.12,0.12
Mexico,Spirits,1.24,1.13,1.08,1.07,1.04,0.99,1.04,1.08,1.1,1.06
Mexico,Other alcoholic beverages,0,0,0,0,0.03,0.03,0.03,0.03,0.03,0.03
Micronesia (Federated States of),All types,2.23,2.83,2.79,3.16,2.03,1.9,1.73,1.63,1.97,2.05
Micronesia (Federated States of),Beer,2.14,2.75,2.69,3.05,1.69,1.49,0.71,0.72,1.02,1.18
Micronesia (Federated States of),Wine,0.01,0.02,0.04,0.04,0.19,0.16,0.09,0.14,0.18,0.03
Micronesia (Federated States of),Spirits,0.07,0.07,0.07,0.06,0.14,0.25,0.94,0.77,0.76,0.85
Micronesia (Federated States of),Other alcoholic beverages,0,0,0,0,0,0,0,0,0,0
Mongolia,All types,2.01,0.92,1.42,1.39,1.68,2.73,3.44,3.61,4.14,4.64
Mongolia,Beer,0.48,0.09,0.54,0.39,0.46,0.77,0.78,0.96,1.42,1.01
Mongolia,Wine,0.11,0.11,0.11,0.11,0.09,0.06,0.07,0.1,0.07,0.11
Mongolia,Spirits,1.15,0.47,0.51,0.67,0.86,1.89,2.59,2.55,2.77,3.4
Mongolia,Other alcoholic beverages,0.27,0.25,0.26,0.21,0.28,0,0,0,0,0
Montenegro,All types,,,,,,,6.53,5.69,6.94,7.26
Montenegro,Beer,,,,,,,0.02,0.48,0.71,0.7
Montenegro,Wine,,,,,,,3.57,2.47,3.66,4.02
Montenegro,Spirits,,,,,,,2.25,2.31,2.35,2.37
Montenegro,Other alcoholic beverages,,,,,,,0.2,0.21,0.22,0.17
Morocco,All types,0.45,0.46,0.46,0.58,0.56,0.53,0.58,0.56,0.57,0.62
Morocco,Beer,0.21,0.23,0.24,0.22,0.23,0.23,0.22,0.22,0.24,0.23
Morocco,Wine,0.19,0.18,0.18,0.3,0.28,0.24,0.29,0.25,0.24,0.29
Morocco,Spirits,0.05,0.05,0.05,0.06,0.06,0.06,0.07,0.08,0.09,0.1
Morocco,Other alcoholic beverages,0,0,0,0,0,0,0,0,0,0
Mozambique,All types,1.17,2.14,2.19,1.69,0.59,0.62,0.6,0.69,0.76,0.74
Mozambique,Beer,0.53,0.51,0.44,0.46,0.49,0.52,0.51,0.55,0.59,0.57
Mozambique,Wine,0.07,0.07,0.09,0.07,0.08,0.09,0.09,0.09,0.11,0.12
Mozambique,Spirits,0.53,1.5,1.59,1.12,0.02,0,0,0.04,0.06,0.05
Mozambique,Other alcoholic beverages,0.03,0.05,0.06,0.06,0,0,0,0,0,0
Myanmar,All types,0.11,0.12,0.14,0.59,0.62,0.62,0.65,0.72,0.78,0.86
Myanmar,Beer,0.1,0.11,0.12,0.13,0.13,0.13,0.12,0.12,0.13,0.14
Myanmar,Wine,0,0,0,0,0,0,0,0,0,0
Myanmar,Spirits,0.01,0.01,0.01,0.47,0.49,0.49,0.53,0.6,0.65,0.72
Myanmar,Other alcoholic beverages,0,0,0,0,0,0,0,0,0,0
Namibia,All types,5.5,4.87,4.84,5.04,4.55,4.74,4.84,5,6.16,7.87
Namibia,Beer,3.6,3.43,3.58,3.3,3.19,3.36,3.57,3.75,5.94,7.63
Namibia,Wine,0.88,0.53,0.29,0.67,0.12,0.11,0.23,0.28,0.03,0.02
Namibia,Spirits,0.8,0.69,0.75,0.82,0.99,0.98,0.8,0.78,0.04,0.06
Namibia,Other alcoholic beverages,0.22,0.22,0.21,0.25,0.25,0.29,0.24,0.2,0.15,0.15
Nauru,All types,5.19,2.71,2.79,1.94,2.29,1.91,2.16,2.24,2.54,2.01
Nauru,Beer,3.93,2.71,1.62,1.42,1.53,1.76,1.8,1.85,1.85,1.84
Nauru,Wine,0,0,0.14,0.08,0.11,0.02,0.04,0.06,0.04,0.04
Nauru,Spirits,1.26,0,1.03,0.45,0.65,0.12,0.32,0.33,0.65,0.13
Nauru,Other alcoholic beverages,0,0,0,0,0,0,0,0,0,0
Nepal,All types,0.08,0.09,0.19,0.2,0.23,0.23,0.2,0.2,0.21,0.22
Nepal,Beer,0.07,0.08,0.08,0.08,0.08,0.08,0.07,0.08,0.08,0.1
Nepal,Wine,0,0,0,0,0,0,0,0,0,0
Nepal,Spirits,0.01,0.01,0.11,0.11,0.14,0.14,0.12,0.12,0.12,0.12
Nepal,Other alcoholic beverages,0,0,0,0,0,0,0,0,0,0
Netherlands,All types,10.06,9.95,9.68,9.56,9.56,9.67,9.78,9.51,9.61,9.22
Netherlands,Beer,4.99,4.87,4.83,4.81,4.8,4.77,4.77,4.76,4.74,4.37
Netherlands,Wine,3.01,2.98,2.84,2.94,3.1,3.3,3.42,3.17,3.28,3.28
Netherlands,Spirits,2.06,2.1,2.01,1.81,1.66,1.59,1.59,1.59,1.58,1.58
Netherlands,Other alcoholic beverages,0,0,0,0,0,0,0,0,0,0
New Zealand,All types,8.84,8.7,9.1,8.93,9.17,9.33,9.35,9.19,9.47,9.23
New Zealand,Beer,4.22,4.17,4.24,4.17,4.11,4.1,3.95,3.94,4.02,3.78
New Zealand,Wine,2.57,2.51,2.74,2.73,2.85,3,3.1,3,3.03,3.03
New Zealand,Spirits,1.92,1.91,2.02,1.95,2.15,2.18,2.26,2.2,2.37,2.38
New Zealand,Other alcoholic beverages,0.13,0.11,0.1,0.08,0.06,0.05,0.05,0.05,0.04,0.04
Nicaragua,All types,3.58,3.48,3.46,3.72,3.75,3.64,3.63,3.77,3.58,3.32
Nicaragua,Beer,1.04,1.04,1.03,1.08,1.07,1.12,1.17,1.28,1.36,1.3
Nicaragua,Wine,0.02,0.01,0.01,0.02,0.01,0.01,0.01,0.02,0.02,0.01
Nicaragua,Spirits,2.52,2.43,2.42,2.63,2.67,2.51,2.46,2.46,2.21,2
Nicaragua,Other alcoholic beverages,0,0,0,0,0,0,0,0,0,0
Niger,All types,0.09,0.09,0.09,0.1,0.1,0.1,0.1,0.1,0.11,0.1
Niger,Beer,0.06,0.06,0.05,0.05,0.05,0.05,0.05,0.05,0.05,0.05
Niger,Wine,0.01,0.01,0.01,0.01,0.01,0.02,0.01,0.01,0.01,0.01
Niger,Spirits,0.02,0.02,0.03,0.03,0.04,0.03,0.04,0.04,0.04,0.04
Niger,Other alcoholic beverages,0,0,0,0,0,0,0,0,0,0
Nigeria,All types,11.4,11.1,11.02,11.25,11.25,11.16,11.09,10.98,10.71,10.49
Nigeria,Beer,0.42,0.45,0.45,0.53,0.52,0.54,0.6,0.64,0.64,0.65
Nigeria,Wine,0,0,0,0,0,0,0,0.04,0.06,0.02
Nigeria,Spirits,0,0.02,0,0.02,0.01,0.02,0.02,0.06,0.03,0.03
Nigeria,Other alcoholic beverages,10.98,10.63,10.57,10.71,10.71,10.61,10.47,10.23,9.98,9.8
Niue,All types,7.42,9.17,5.16,8.27,6.8,6.22,7.1,5.02,7.02,7.06
Niue,Beer,4.12,2.1,1.29,2.23,4.92,3.15,3.76,2.1,3.3,3.1
Niue,Wine,0,0,1.13,0.1,0.11,1.89,0.34,0.12,0.12,0.36
Niue,Spirits,3.3,7.07,2.74,5.94,1.77,2.96,3,2.8,3.6,3.6
Niue,Other alcoholic beverages,0,0,0,0,0,0,0,0,0,0
Norway,All types,5.67,5.49,5.89,6.04,6.22,6.37,6.47,6.6,6.75,6.68
Norway,Beer,2.93,2.82,2.89,2.76,2.96,2.98,3.01,3.02,3.06,2.96
Norway,Wine,1.62,1.6,1.81,1.84,1.9,2,2.05,2.11,2.23,2.28
Norway,Spirits,1.05,1,1.12,1.22,1.25,1.28,1.3,1.35,1.33,1.31
Norway,Other alcoholic beverages,0.07,0.07,0.07,0.22,0.11,0.11,0.11,0.12,0.13,0.13
Oman,All types,0.38,0.55,0.54,0.56,0.61,0.62,0.56,0.54,0.54,0.53
Oman,Beer,0.13,0.28,0.24,0.21,0.21,0.21,0.21,0.21,0.22,0.22
Oman,Wine,0,0.01,0.01,0.01,0.01,0.01,0.01,0.01,0.02,0.02
Oman,Spirits,0.25,0.27,0.29,0.35,0.39,0.4,0.33,0.32,0.31,0.29
Oman,Other alcoholic beverages,0,0,0,0,0,0,0,0,0,0
Pakistan,All types,0.02,0.01,0.01,0.01,0.01,0.04,0.03,0.03,0.03,0.03
Pakistan,Beer,0,0,0,0,0,0,0,0,0,0
Pakistan,Wine,0,0,0,0,0,0,0,0,0,0
Pakistan,Spirits,0,0,0,0,0,0.03,0.03,0.03,0.03,0.03
Pakistan,Other alcoholic beverages,0.01,0.01,0.01,0.01,0.01,0.01,0,0,0,0
Panama,All types,5.61,5.47,5.55,5.55,5.72,5.55,5.73,6.15,6.74,6.9
Panama,Beer,3.43,3.4,3.37,3.41,3.62,3.61,3.83,4.2,4.64,4.81
Panama,Wine,0.13,0.11,0.13,0.14,0.21,0.15,0.17,0.18,0.2,0.22
Panama,Spirits,2.04,1.95,2.04,1.99,1.86,1.78,1.73,1.76,1.89,1.86
Panama,Other alcoholic beverages,0.01,0.01,0.01,0.01,0.02,0.01,0.01,0.01,0.02,0.01
Papua New Guinea,All types,0.74,0.68,0.61,0.59,0.58,0.84,0.64,0.71,0.81,0.82
Papua New Guinea,Beer,0.58,0.63,0.59,0.57,0.56,0.81,0.61,0.68,0.76,0.79
Papua New Guinea,Wine,0.05,0.01,0.01,0.01,0.01,0.02,0.02,0.01,0.02,0.02
Papua New Guinea,Spirits,0.11,0.04,0.01,0.01,0.02,0.01,0.02,0.02,0.03,0.02
Papua New Guinea,Other alcoholic beverages,0,0,0,0,0,0,0,0,0,0
Paraguay,All types,6.18,5.82,5.02,4.76,5.62,5.98,6.51,6.66,7.69,6.64
Paraguay,Beer,2.98,3.08,2.66,2.27,2.63,2.84,3,2.98,3.55,3.27
Paraguay,Wine,1.49,0.98,0.69,0.82,1.3,1.44,1.8,1.93,2.52,1.8
Paraguay,Spirits,1.7,1.75,1.67,1.68,1.68,1.7,1.7,1.74,1.61,1.53
Paraguay,Other alcoholic beverages,0,0,0,0,0,0,0.01,0.01,0.01,0.04
Peru,All types,4.87,4.22,4.06,4.75,4.7,4.96,4.67,4.7,5.14,5.18
Peru,Beer,1.85,1.58,1.65,1.77,1.91,2.14,2.33,2.6,2.85,3.06
Peru,Wine,0.35,0.44,0.47,0.52,0.51,0.6,0.61,0.61,0.62,0.5
Peru,Spirits,2.67,2.21,1.95,2.46,2.27,2.22,1.72,1.49,1.66,1.62
Peru,Other alcoholic beverages,0,0,0,0,0.01,0.01,0.01,0.01,0.01,0.01
Philippines,All types,4.73,4.54,4.4,4.43,4.43,4.21,4.06,4.16,4.18,4.37
Philippines,Beer,1.18,1.12,1.11,1.2,1.35,1.29,1.14,1.19,1.22,1.21
Philippines,Wine,0.01,0.01,0.02,0.02,0.02,0.02,0.02,0.02,0.04,0.04
Philippines,Spirits,3.54,3.41,3.28,3.21,3.06,2.9,2.9,2.95,2.91,3.09
Philippines,Other alcoholic beverages,0,0,0,0,0,0,0,0,0.01,0.03
Poland,All types,8.4,7.74,8.02,9.06,9.19,9.5,10.4,10.9,11.4,10.7
Poland,Beer,4.14,4.08,4.31,4.51,4.66,5.3,5.9,6.1,6.1,5.9
Poland,Wine,1.78,1.56,1.64,1.64,1.53,1.2,1.3,1.3,1.2,1
Poland,Spirits,2.48,2.09,2.07,2.9,3.01,3,3.2,3.5,4.1,3.8
Poland,Other alcoholic beverages,0,0,0,0,0,0,0,0,0,0
Portugal,All types,13.08,13.41,13.23,14.21,13.47,13.34,13.12,12.59,12.35,12.03
Portugal,Beer,3.75,3.65,3.58,3.57,3.7,3.76,3.78,3.71,3.55,3.41
Portugal,Wine,7.74,7.83,7.71,8.74,8.05,7.97,7.78,7.31,7.29,7.21
Portugal,Spirits,1.57,1.6,1.59,1.57,1.23,1.12,1.08,1.06,1.01,0.94
Portugal,Other alcoholic beverages,0.02,0.33,0.35,0.33,0.48,0.48,0.49,0.51,0.5,0.47
Puerto Rico,All types,6.28,6.06,5.85,5.5,5.3,5.35,5.26,5.06,4.87,4.76
Puerto Rico,Beer,4.15,3.97,3.88,3.7,3.62,3.68,3.64,3.54,3.35,3.29
Puerto Rico,Wine,0.3,0.31,0.33,0.32,0.33,0.34,0.35,0.32,0.32,0.32
Puerto Rico,Spirits,1.82,1.77,1.63,1.47,1.26,1.23,1.18,1.13,1.13,1.09
Puerto Rico,Other alcoholic beverages,0,0,0,0,0.1,0.09,0.09,0.07,0.07,0.07
Qatar,All types,0.5,0.76,0.87,1,1.11,1.16,1.24,1.2,1.34,1.08
Qatar,Beer,0.09,0.13,0.21,0.25,0.28,0.35,0.39,0.37,0.35,0.33
Qatar,Wine,0,0.05,0.05,0.07,0.1,0.11,0.17,0.12,0.27,0.09
Qatar,Spirits,0.41,0.58,0.61,0.68,0.73,0.7,0.67,0.71,0.71,0.66
Qatar,Other alcoholic beverages,0,0,0,0,0.01,0,0.01,0.01,0.01,0
Republic of Korea,All types,10.33,11.45,9.55,9.66,9.18,9.03,8.83,9.05,9.31,8.97
Republic of Korea,Beer,2.23,2.37,2.41,2.32,2,1.89,2.22,2.34,2.43,2.37
Republic of Korea,Wine,0.03,0.04,0.04,0.04,0.15,0.12,0.14,0.19,0.18,0.14
Republic of Korea,Spirits,0.46,0.47,0.52,0.47,0.32,0.34,0.33,0.37,0.33,0.27
Republic of Korea,Other alcoholic beverages,7.61,8.56,6.58,6.82,6.72,6.68,6.14,6.15,6.37,6.19
Republic of Moldova,All types,9.77,10.78,6.44,7.76,11.77,10.16,7.72,8.94,8.35,7.77
Republic of Moldova,Beer,0.47,0.62,0.82,1,1.27,1.45,1.68,1.92,1.96,1.6
Republic of Moldova,Wine,5.8,6.66,1.99,2.86,6.1,4.12,1.9,3.05,2.75,2.74
Republic of Moldova,Spirits,3.5,3.51,3.64,3.89,3.71,3.9,3.48,3.57,3.36,3.19
Republic of Moldova,Other alcoholic beverages,0,0,0,0,0.68,0.69,0.67,0.4,0.29,0.24
Romania,All types,10.16,9.78,9.62,8.78,9.82,9.95,10.29,11.6,13.11,11.77
Romania,Beer,3.18,3.12,3.38,3.64,4.24,4.07,4.62,5.44,5.5,4.9
Romania,Wine,3.47,3.16,3.92,3.33,4.29,2.33,2.99,3.3,3.5,3.1
Romania,Spirits,3.52,3.5,2.32,1.82,1.29,1.28,0.9,1.9,2.9,2.4
Romania,Other alcoholic beverages,0,0,0,0,0,0,0,0,0,0
Russian Federation,All types,10.18,10.47,10.87,11.32,11.5,11.59,11.83,12.23,12.09,11.25
Russian Federation,Beer,2.18,2.63,2.92,3.1,3.47,3.66,4.11,4.72,4.66,4.2
Russian Federation,Wine,0.71,0.75,0.8,0.9,0.95,1.03,1,1.17,1.27,1.26
Russian Federation,Spirits,7.29,7.09,7.15,7.32,7.09,6.9,6.72,6.34,6.16,5.79
Russian Federation,Other alcoholic beverages,0,0,0,0,0,0,0,0,0,0
Rwanda,All types,8.82,9.4,9.27,8.73,7.9,9.31,8.85,7.89,7.57,7.35
Rwanda,Beer,0.59,0.55,0.59,0.45,0.46,0.54,0.63,0.66,0.58,0.72
Rwanda,Wine,0,0,0,0,0,0,0,0,0,0
Rwanda,Spirits,0,0,0,0,0,0,0.02,0.03,0.03,0.03
Rwanda,Other alcoholic beverages,8.23,8.85,8.67,8.28,7.44,8.77,8.2,7.2,6.95,6.6
Saint Kitts and Nevis,All types,8.41,8.55,8.29,8.54,9.14,10.03,10.8,10.14,10.07,9.68
Saint Kitts and Nevis,Beer,3.62,3.54,3.09,3.15,3.39,3.85,3.96,3.87,3.81,3.76
Saint Kitts and Nevis,Wine,0.65,0.39,0.31,0.23,0.32,0.23,0.35,0.54,0.85,0.9
Saint Kitts and Nevis,Spirits,4.13,4.6,4.88,5.15,5.23,5.73,6.24,5.46,5.16,4.79
Saint Kitts and Nevis,Other alcoholic beverages,0.02,0.02,0.01,0.01,0.19,0.22,0.25,0.26,0.26,0.24
Saint Lucia,All types,11.69,12.02,11.85,12.55,11.64,12.1,13.22,12.43,11.82,10.83
Saint Lucia,Beer,3.22,3.22,3.11,3.36,3.39,3.57,3.82,3.86,3.49,3.28
Saint Lucia,Wine,1.11,1.18,0.77,0.85,0.69,0.72,1.68,1.36,1.28,1.2
Saint Lucia,Spirits,7.3,7.56,7.91,8.28,7.03,7.16,7.07,6.56,6.45,5.9
Saint Lucia,Other alcoholic beverages,0.06,0.06,0.06,0.06,0.53,0.65,0.64,0.64,0.59,0.45
Saint Vincent and the Grenadines,All types,4.8,4.73,4.94,5.1,5.42,6.03,5.92,5.88,6.91,6.84
Saint Vincent and the Grenadines,Beer,1.96,1.97,1.92,1.84,2.03,2.43,2.59,2.47,2.37,2.29
Saint Vincent and the Grenadines,Wine,0.08,0.07,0.19,0.12,0.14,0.19,0.27,0.29,0.32,0.42
Saint Vincent and the Grenadines,Spirits,2.75,2.67,2.82,3.13,3.15,3.32,2.95,3,4.1,4
Saint Vincent and the Grenadines,Other alcoholic beverages,0.01,0.01,0.01,0.01,0.09,0.1,0.11,0.12,0.12,0.13
Samoa,All types,3,3.42,3.29,4.16,3.62,3.63,3.52,3.85,3.97,2.88
Samoa,Beer,2.85,3.25,3.03,3.7,3.3,3.31,3.37,3.6,3.65,2.55
Samoa,Wine,0.03,0.02,0.05,0.06,0.06,0.08,0.09,0.09,0.05,0.06
Samoa,Spirits,0.12,0.15,0.22,0.4,0.26,0.24,0.07,0.17,0.27,0.26
Samoa,Other alcoholic beverages,0,0,0,0,0,0,0,0,0,0
Sao Tome and Principe,All types,5.68,5.2,5.99,6.73,5.94,5.5,5.63,4.29,4.53,4.31
Sao Tome and Principe,Beer,1.25,1.22,1.22,1.19,1.16,1.15,1.05,0.99,1,0.95
Sao Tome and Principe,Wine,3.26,3.03,4.01,4.73,4,3.5,3.97,2.67,2.79,2.75
Sao Tome and Principe,Spirits,0.68,0.95,0.76,0.81,0.78,0.85,0.61,0.63,0.74,0.61
Sao Tome and Principe,Other alcoholic beverages,0,0,0,0,0,0,0,0,0,0
Saudi Arabia,All types,0.05,0.05,0.05,0.05,0.06,0.05,0.07,0.1,0.08,0.08
Saudi Arabia,Beer,0,0,0,0,0,0,0,0,0,0
Saudi Arabia,Wine,0,0,0,0,0,0,0,0.01,0,0
Saudi Arabia,Spirits,0.05,0.05,0.05,0.05,0.06,0.05,0.07,0.09,0.08,0.08
Saudi Arabia,Other alcoholic beverages,0,0,0,0,0,0,0,0,0,0
Senegal,All types,0.29,0.35,0.36,0.34,0.35,0.33,0.35,0.32,0.28,0.3
Senegal,Beer,0.16,0.16,0.14,0.14,0.16,0.16,0.16,0.17,0.18,0.15
Senegal,Wine,0.09,0.14,0.18,0.17,0.15,0.12,0.14,0.12,0.07,0.13
Senegal,Spirits,0.04,0.04,0.04,0.04,0.04,0.04,0.05,0.03,0.03,0.03
Senegal,Other alcoholic beverages,0,0,0,0,0,0,0,0,0,0
Serbia,All types,,,,,,,8.52,8.72,8.61,8.6
Serbia,Beer,,,,,,,3.81,3.74,3.6,2.9
Serbia,Wine,,,,,,,2.37,2.67,2.72,3.41
Serbia,Spirits,,,,,,,2.32,2.29,2.29,2.29
Serbia,Other alcoholic beverages,,,,,,,0.01,0.01,0.01,0.01
Seychelles,All types,8.17,7.09,7.84,7.36,7.15,8.4,7.01,7.49,6.76,5.53
Seychelles,Beer,6.21,6.02,6.33,5.76,5,5.1,4.51,4.73,4.44,2.68
Seychelles,Wine,0.9,0.66,0.61,0.8,1.2,2.48,1.71,1.22,1.48,1.89
Seychelles,Spirits,1.06,0.41,0.9,0.8,0.95,0.82,0.79,1.37,0.8,0.88
Seychelles,Other alcoholic beverages,0,0,0,0,0,0,0.01,0.17,0.04,0.09
Sierra Leone,All types,4.14,4.4,4.23,4.23,4.13,3.95,3.92,3.97,4.02,4.06
Sierra Leone,Beer,0.13,0.14,0.14,0.14,0.14,0.14,0.15,0.15,0.19,0.19
Sierra Leone,Wine,0,0,0.01,0.01,0.01,0.01,0.01,0.01,0.02,0.03
Sierra Leone,Spirits,0.03,0,0.02,0.03,0.03,0.02,0.01,0.01,0.02,0.05
Sierra Leone,Other alcoholic beverages,3.97,4.25,4.05,4.05,3.95,3.78,3.74,3.8,3.79,3.77
Singapore,All types,2.02,2.08,2.16,1.43,1.44,1.49,1.55,1.59,1.69,1.72
Singapore,Beer,1.29,1.34,1.47,1.06,1.07,1.1,1.14,1.13,1.22,1.22
Singapore,Wine,0.12,0.13,0.2,0.15,0.17,0.18,0.19,0.22,0.23,0.23
Singapore,Spirits,0.61,0.61,0.49,0.17,0.17,0.18,0.19,0.22,0.22,0.25
Singapore,Other alcoholic beverages,0,0,0,0.04,0.03,0.03,0.03,0.03,0.03,0.03
Slovakia,All types,11.06,10.73,10.78,9.85,10.03,10.83,10.31,10.63,11.43,10.69
Slovakia,Beer,4.47,4.32,4.53,4.38,3.99,3.85,3.83,3.94,3.81,3.92
Slovakia,Wine,1.49,1.48,1.59,1.46,1.33,1.56,2.16,1.79,2.02,2.14
Slovakia,Spirits,4.85,4.56,4.29,3.65,4.23,5.42,4.31,4.9,5.59,4.63
Slovakia,Other alcoholic beverages,0.25,0.37,0.37,0.36,0.48,0,0,0,0,0
Slovenia,All types,12.8,11.58,9.87,11.55,10.01,11.19,12.26,11.02,10.94,10.52
Slovenia,Beer,5.13,4.65,4.32,4.51,4.51,4.7,5.7,5.7,5.16,5.09
Slovenia,Wine,5.82,5.07,3.86,5.46,4.18,5.22,5.43,4.08,4.58,4.55
Slovenia,Spirits,1.84,1.87,1.69,1.58,1.11,1.09,1.13,1.24,1.2,0.88
Slovenia,Other alcoholic beverages,0.01,0,0,0,0.2,0.19,0,0,0,0
Solomon Islands,All types,0.71,0.7,1.09,1.2,1.21,1.13,1.01,0.82,1.07,1.2
Solomon Islands,Beer,0.62,0.44,0.59,0.75,0.76,0.67,0.96,0.74,1.01,0.95
Solomon Islands,Wine,0.02,0.01,0.01,0.02,0.02,0.03,0.02,0.03,0.02,0.02
Solomon Islands,Spirits,0.07,0.24,0.48,0.43,0.42,0.41,0.03,0.05,0.04,0.22
Solomon Islands,Other alcoholic beverages,0,0,0,0,0,0.02,0,0,0,0
Somalia,All types,0,0,0,0,0,0,0,0,0,0
Somalia,Beer,0,0,0,0,0,0,0,0,0,0
Somalia,Wine,0,0,0,0,0,0,0,0,0,0
Somalia,Spirits,0,0,0,0,0,0,0,0,0,0
Somalia,Other alcoholic beverages,0,0,0,0,0,0,0,0,0,0
South Africa,All types,8.85,8.67,8.4,8.22,8.04,8.94,8.78,8.83,8.6,8.03
South Africa,Beer,5.05,4.89,4.74,4.8,4.6,4.05,3.98,4.14,4.16,3.95
South Africa,Wine,1.66,1.66,1.61,1.41,1.41,1.45,1.42,1.46,1.44,1.35
South Africa,Spirits,1.44,1.41,1.35,1.32,1.34,1.36,1.38,1.4,1.36,1.29
South Africa,Other alcoholic beverages,0.7,0.72,0.71,0.69,0.69,2.08,2,1.83,1.65,1.44
Spain,All types,11.84,12.35,10.74,11.35,11.68,11.92,11.86,11.05,10.24,9.99
Spain,Beer,3.79,3.91,3.83,4.11,4.1,4.98,5.15,5.09,4.92,4.98
Spain,Wine,4.53,4.2,4.02,3.82,3.89,3.67,3.43,2.78,2.44,2.28
Spain,Spirits,3.52,4.23,2.89,3.42,3.69,3.27,3.28,3.18,2.88,2.73
Spain,Other alcoholic beverages,0,0,0,0,0,0,0,0,0,0
Sri Lanka,All types,1.45,1.68,1.62,1.69,1.56,1.97,1.96,2.29,2.1,2.05
Sri Lanka,Beer,0.1,0.1,0.15,0.15,0.17,0.3,0.2,0.2,0.2,0.2
Sri Lanka,Wine,0.01,0,0.01,0.01,0,0,0,0,0,0
Sri Lanka,Spirits,1.34,1.58,1.46,1.53,1.39,1.63,1.72,2.05,1.86,1.81
Sri Lanka,Other alcoholic beverages,0,0,0,0,0,0.04,0.04,0.04,0.04,0.04
Sudan,All types,1.76,1.81,1.59,1.74,1.59,1.55,1.9,2.01,2.01,1.99
Sudan,Beer,0,0,0,0,0,0,0.01,0.08,0.12,0.08
Sudan,Wine,0,0,0,0,0,0,0,0,0,0
Sudan,Spirits,0.26,0.27,0.35,0.31,0.27,0.27,0.3,0.29,0.26,0.27
Sudan,Other alcoholic beverages,1.5,1.54,1.24,1.43,1.32,1.28,1.59,1.64,1.62,1.64
Suriname,All types,4.32,4.26,4.44,4.56,4.58,4.5,4.54,4.74,4.96,5.14
Suriname,Beer,1.67,1.72,1.67,1.65,1.64,1.53,1.64,1.71,1.91,1.99
Suriname,Wine,0.05,0.08,0.09,0.1,0.08,0.13,0.11,0.18,0.25,0.32
Suriname,Spirits,2.6,2.47,2.67,2.81,2.78,2.75,2.64,2.7,2.64,2.67
Suriname,Other alcoholic beverages,0.01,0,0,0,0.08,0.1,0.15,0.15,0.16,0.16
Sweden,All types,6.2,6.6,6.9,6.9,6.6,6.5,6.5,6.9,6.9,7.3
Sweden,Beer,2.7,2.7,2.7,2.8,2.6,2.6,2.5,2.6,2.6,2.7
Sweden,Wine,2.2,2.5,2.8,2.9,2.8,2.9,2.9,3.1,3.1,3.3
Sweden,Spirits,1.3,1.4,1.4,1.2,1.2,1,1,1.1,1.1,1.2
Sweden,Other alcoholic beverages,0,0,0,0,0,0,0.1,0.1,0.1,0.1
Switzerland,All types,11.26,11.12,10.85,10.82,10.55,10.15,10.24,10.44,10.29,10.15
Switzerland,Beer,3.39,3.38,3.26,3.37,3.24,3.11,3.21,3.32,3.31,3.3
Switzerland,Wine,5.81,5.68,5.55,5.41,5.27,5.14,5,5.1,4.97,4.84
Switzerland,Spirits,1.94,1.93,1.93,1.92,1.92,1.79,1.9,1.9,1.89,1.89
Switzerland,Other alcoholic beverages,0.12,0.12,0.12,0.12,0.12,0.12,0.12,0.12,0.12,0.12
Syrian Arab Republic,All types,0.92,0.94,0.9,0.86,0.6,0.78,0.75,0.74,0.74,0.75
Syrian Arab Republic,Beer,0.04,0.04,0.04,0.04,0.04,0.04,0.04,0.05,0.06,0.08
Syrian Arab Republic,Wine,0,0,0,0,0,0,0,0,0.01,0.01
Syrian Arab Republic,Spirits,0.89,0.91,0.86,0.82,0.56,0.74,0.71,0.69,0.68,0.66
Syrian Arab Republic,Other alcoholic beverages,0,0,0,0,0,0,0,0,0,0
Tajikistan,All types,0.91,0.94,0.94,0.88,0.82,0.76,0.63,0.59,0.59,0.68
Tajikistan,Beer,0.15,0.14,0.14,0.14,0.14,0.15,0.17,0.19,0.3,0.24
Tajikistan,Wine,0.21,0.31,0.33,0.32,0.3,0.29,0.17,0.13,0.08,0.04
Tajikistan,Spirits,0.55,0.48,0.47,0.42,0.39,0.33,0.29,0.26,0.21,0.4
Tajikistan,Other alcoholic beverages,0,0,0,0,0,0,0,0,0,0
Thailand,All types,5.4,5.75,5.72,5.95,5.8,6.21,6.12,6.14,7.54,6.74
Thailand,Beer,1.09,1.16,1.2,1.51,1.53,1.69,1.95,1.98,2.24,2.01
Thailand,Wine,0.02,0.01,0.03,0.03,0.04,0.02,0.02,0.02,0.16,0.14
Thailand,Spirits,4.29,4.58,4.5,4.41,4.23,4.51,4.15,4.14,5.14,4.59
Thailand,Other alcoholic beverages,0,0,0,0,0,0,0,0,0,0
Republic of North Macedonia,All types,4.86,4.6,4.49,3.91,3.94,4.58,4.01,4.04,4.27,3.9
Republic of North Macedonia,Beer,2,1.99,1.94,1.94,1.98,2,2,2.04,2.06,1.71
Republic of North Macedonia,Wine,2.05,1.81,1.78,1.05,1.03,1.79,1.06,1.04,1.29,1.28
Republic of North Macedonia,Spirits,0.82,0.8,0.76,0.9,0.91,0.79,0.93,0.94,0.9,0.88
Republic of North Macedonia,Other alcoholic beverages,0,0.01,0.01,0.01,0.02,0.01,0.02,0.02,0.02,0.02
Timor-Leste,All types,0.5,0.5,0.48,0.44,0.39,0.36,0.04,0.05,0.06,0.09
Timor-Leste,Beer,0.43,0.42,0.41,0.37,0.36,0.34,0.01,0,0.01,0.01
Timor-Leste,Wine,0.03,0.03,0.03,0.03,0.02,0.02,0.02,0.03,0.04,0.06
Timor-Leste,Spirits,0.05,0.05,0.04,0.04,0.01,0,0.01,0.01,0.01,0.01
Timor-Leste,Other alcoholic beverages,0,0,0,0,0,0,0,0,0,0
Togo,All types,1.16,0.98,1.04,1.06,1.04,1.11,1.46,1.45,1.41,1.31
Togo,Beer,0.46,0.43,0.45,0.47,0.47,0.48,0.51,0.6,0.67,0.68
Togo,Wine,0.1,0.2,0.21,0.26,0.32,0.32,0.42,0.39,0.33,0.25
Togo,Spirits,0.27,0.06,0.04,0.03,0.05,0.06,0.13,0.06,0.05,0.03
Togo,Other alcoholic beverages,0.33,0.29,0.35,0.3,0.2,0.25,0.4,0.4,0.36,0.35
Tonga,All types,1.24,1.34,1.5,1.79,1.79,1.57,1.79,2.05,1.1,1.08
Tonga,Beer,0.66,0.65,0.89,0.89,0.89,0.88,0.87,0.87,0.62,0.62
Tonga,Wine,0.12,0.1,0.08,0.22,0.3,0.28,0.09,0.16,0.11,0.12
Tonga,Spirits,0.46,0.59,0.51,0.55,0.43,0.41,0.83,1.02,0.36,0.35
Tonga,Other alcoholic beverages,0,0,0.02,0.13,0.18,0,0,0,0,0
Trinidad and Tobago,All types,4.68,4.55,5.12,5.53,5.82,6.12,6.35,6.37,6.41,6.37
Trinidad and Tobago,Beer,2.12,2.05,2.53,2.78,2.96,3.15,3.21,3.2,3.27,3.32
Trinidad and Tobago,Wine,0.09,0.06,0.07,0.11,0.13,0.13,0.1,0.14,0.15,0.12
Trinidad and Tobago,Spirits,2.46,2.43,2.51,2.64,2.64,2.72,2.91,2.92,2.88,2.82
Trinidad and Tobago,Other alcoholic beverages,0,0,0,0,0.1,0.11,0.12,0.12,0.11,0.1
Tunisia,All types,1.35,1.34,1.3,1.33,1.35,1.37,1.45,1.23,1.37,1.39
Tunisia,Beer,0.78,0.74,0.78,0.79,0.82,0.85,0.88,0.91,0.93,0.96
Tunisia,Wine,0.53,0.56,0.48,0.49,0.47,0.45,0.51,0.25,0.38,0.38
Tunisia,Spirits,0.04,0.04,0.04,0.04,0.06,0.06,0.06,0.06,0.05,0.05
Tunisia,Other alcoholic beverages,0,0,0,0,0,0,0,0,0,0
Turkey,All types,1.54,1.49,1.47,1.42,1.35,1.29,1.29,1.26,1.39,1.4
Turkey,Beer,0.76,0.74,0.77,0.79,0.81,0.77,0.76,0.79,0.85,0.84
Turkey,Wine,0.05,0.05,0.04,0.04,0.07,0.06,0.05,0.05,0.08,0.1
Turkey,Spirits,0.73,0.69,0.66,0.59,0.47,0.46,0.47,0.42,0.46,0.47
Turkey,Other alcoholic beverages,0,0,0,0,0,0,0,0,0,0
Turkmenistan,All types,3.78,2.9,2.86,2.88,2.86,2.85,2.72,2.55,2.41,2.35
Turkmenistan,Beer,0.08,0.08,0.09,0.17,0.19,0.22,0.27,0.3,0.22,0.25
Turkmenistan,Wine,2.39,1.54,1.51,1.46,1.42,1.37,1.2,1.01,0.95,0.82
Turkmenistan,Spirits,1.31,1.28,1.26,1.26,1.25,1.26,1.25,1.24,1.24,1.28
Turkmenistan,Other alcoholic beverages,0,0,0,0,0,0,0,0,0,0
Tuvalu,All types,1.24,2.13,0.58,1.53,1.98,0.94,1.37,0.59,1.05,1.31
Tuvalu,Beer,0.92,1.15,0.32,0.11,0.05,0.54,0.85,0.03,0.11,0.06
Tuvalu,Wine,0.06,0.2,0.14,0.08,0.04,0.17,0.15,0.07,0.16,0.54
Tuvalu,Spirits,0.27,0.79,0.13,1.34,1.89,0.23,0.37,0.49,0.78,0.72
Tuvalu,Other alcoholic beverages,0,0,0,0,0,0,0,0,0,0
Uganda,All types,11.73,11.87,11.71,11.45,11.15,11.41,11.09,10.9,11.12,10.88
Uganda,Beer,0.57,0.5,0.44,0.43,0.44,0.51,0.56,0.58,0.54,0.65
Uganda,Wine,0,0,0,0,0.01,0,0,0,0,0.01
Uganda,Spirits,0.2,0.19,0.19,0.18,0.21,0.19,0.18,0.18,0.17,0.16
Uganda,Other alcoholic beverages,10.96,11.17,11.08,10.84,10.5,10.71,10.34,10.14,10.4,10.05
Ukraine,All types,4.49,4.31,4.89,5.92,6.79,7.34,8.04,8.92,9.53,9.41
Ukraine,Beer,1.28,1.51,1.74,1.95,2.18,2.67,3.01,3.55,3.57,3.32
Ukraine,Wine,0.36,0.47,0.7,0.68,0.55,0.63,0.69,0.78,0.84,0.84
Ukraine,Spirits,2.85,2.33,2.45,3.29,4.06,3.86,4.13,4.36,4.84,4.6
Ukraine,Other alcoholic beverages,0,0,0,0,0,0.18,0.21,0.23,0.28,0.66
United Arab Emirates,All types,1.63,1.61,1.59,1.56,1.58,1.62,1.62,1.62,1.82,1.72
United Arab Emirates,Beer,0.5,0.48,0.48,0.45,0.42,0.37,0.31,0.27,0.24,0.2
United Arab Emirates,Wine,0.07,0.07,0.07,0.07,0.13,0.13,0.12,0.11,0.12,0.11
United Arab Emirates,Spirits,1.06,1.05,1.03,1.04,1.03,1.12,1.18,1.23,1.45,1.4
United Arab Emirates,Other alcoholic beverages,0,0,0,0,0.01,0.01,0.01,0.01,0.01,0.01
United Kingdom of Great Britain and Northern Ireland,All types,10.82,11.29,11.31,11.25,11.55,11.37,10.96,11.14,10.78,10.14
United Kingdom of Great Britain and Northern Ireland,Beer,4.98,5.06,5.11,5.16,5.09,4.85,4.7,4.45,4.22,3.84
United Kingdom of Great Britain and Northern Ireland,Wine,3.25,3.6,3.27,3.04,3.32,3.42,3.25,3.53,3.44,3.23
United Kingdom of Great Britain and Northern Ireland,Spirits,1.96,2.03,2.32,2.45,2.51,2.45,2.25,2.35,2.28,2.16
United Kingdom of Great Britain and Northern Ireland,Other alcoholic beverages,0.63,0.61,0.61,0.6,0.62,0.65,0.75,0.8,0.83,0.92
United Republic of Tanzania,All types,5.92,6.21,5.07,3.39,5.63,5.7,6.02,6.87,4.95,6.28
United Republic of Tanzania,Beer,0.52,0.49,0.46,0.5,0.51,0.56,0.64,0.77,0.76,0.69
United Republic of Tanzania,Wine,0,0.01,0.01,0,0.01,0.01,0.01,0.01,0.01,0.02
United Republic of Tanzania,Spirits,0.1,0.09,0.11,0.09,0.12,0.15,0.15,0.15,0.18,0.2
United Republic of Tanzania,Other alcoholic beverages,5.3,5.62,4.49,2.8,5,4.98,5.22,5.94,3.99,5.38
United States of America,All types,8.21,8.25,8.33,8.4,8.48,8.52,8.63,8.74,8.74,8.71
United States of America,Beer,4.62,4.66,4.66,4.58,4.58,4.5,4.54,4.54,4.54,4.43
United States of America,Wine,1.17,1.17,1.25,1.29,1.32,1.36,1.4,1.44,1.44,1.48
United States of America,Spirits,2.42,2.42,2.42,2.54,2.57,2.65,2.69,2.76,2.76,2.8
United States of America,Other alcoholic beverages,0,0,0,0,0,0,0,0,0,0
Uruguay,All types,6.65,6.48,5.86,5.11,5.66,6.35,6.58,6.67,6.76,6.67
Uruguay,Beer,1.37,1.19,1,0.86,1.1,1.35,1.49,1.61,1.86,1.88
Uruguay,Wine,4.44,4.36,4.12,3.61,3.88,4.23,4.19,4.15,3.97,3.85
Uruguay,Spirits,0.85,0.93,0.73,0.64,0.68,0.77,0.9,0.91,0.93,0.94
Uruguay,Other alcoholic beverages,0,0,0,0,0,0,0,0,0,0
Uzbekistan,All types,3.22,3.23,3.12,3.35,2.02,1.88,1.93,1.86,1.84,1.78
Uzbekistan,Beer,0.2,0.23,0.25,0.28,0.35,0.46,0.62,0.67,0.78,0.84
Uzbekistan,Wine,0.48,0.49,0.37,0.5,0.36,0.25,0.23,0.22,0.22,0.1
Uzbekistan,Spirits,2.54,2.51,2.49,2.57,1.3,1.17,1.09,0.97,0.84,0.84
Uzbekistan,Other alcoholic beverages,0,0,0,0,0,0,0,0,0,0
Vanuatu,All types,1.21,0.91,1.24,1.2,0.85,0.88,1,1.01,1.18,0.83
Vanuatu,Beer,0.46,0.4,0.52,0.51,0.49,0.47,0.46,0.45,0.33,0.32
Vanuatu,Wine,0.24,0.16,0.19,0.18,0.17,0.22,0.18,0.18,0.28,0.23
Vanuatu,Spirits,0.51,0.34,0.53,0.51,0.19,0.19,0.36,0.39,0.57,0.28
Vanuatu,Other alcoholic beverages,0,0,0,0,0,0,0,0,0,0
Venezuela (Bolivarian Republic of),All types,8.04,8.08,6.92,6.33,7.58,7.91,8.25,8.69,8.15,7.56
Venezuela (Bolivarian Republic of),Beer,5.61,6.02,5.17,4.4,5.95,6.17,6.38,6.85,6.36,5.79
Venezuela (Bolivarian Republic of),Wine,0.11,0.11,0.06,0.04,0.07,0.11,0.14,0.11,0.09,0.1
Venezuela (Bolivarian Republic of),Spirits,2.32,1.95,1.69,1.88,1.53,1.6,1.71,1.69,1.66,1.63
Venezuela (Bolivarian Republic of),Other alcoholic beverages,0,0,0,0,0.03,0.03,0.03,0.04,0.04,0.05
Viet Nam,All types,1.28,1.36,1.41,1.58,1.62,1.2,1.36,1.52,1.73,1.91
Viet Nam,Beer,1.27,1.32,1.36,1.52,1.56,1.13,1.28,1.43,1.63,1.81
Viet Nam,Wine,0,0.01,0.01,0.01,0.01,0.01,0.01,0.01,0.01,0.01
Viet Nam,Spirits,0.02,0.04,0.04,0.05,0.05,0.06,0.07,0.07,0.08,0.08
Viet Nam,Other alcoholic beverages,0,0,0,0,0,0,0,0,0,0
Yemen,All types,0.07,0.08,0.07,0.04,0.06,0.04,0.04,0.05,0.04,0.03
Yemen,Beer,0.07,0.08,0.06,0.04,0.05,0.03,0.04,0.05,0.04,0.03
Yemen,Wine,0,0,0,0,0,0,0,0,0,0
Yemen,Spirits,0,0,0.01,0,0.01,0,0,0,0,0
Yemen,Other alcoholic beverages,0,0,0,0,0,0,0,0,0,0
Zambia,All types,2.62,2.59,2.41,2.28,2.39,2.25,2.49,2.78,2.31,2.5
Zambia,Beer,0.5,0.5,0.47,0.45,0.46,0.41,0.43,0.43,0.46,0.45
Zambia,Wine,0.01,0.02,0.02,0.01,0.03,0.01,0.02,0.04,0.04,0.06
Zambia,Spirits,0.2,0.24,0.26,0.25,0.26,0.26,0.28,0.28,0.28,0.33
Zambia,Other alcoholic beverages,1.91,1.83,1.66,1.58,1.64,1.57,1.75,2.04,1.54,1.66
Zimbabwe,All types,1.7,1.73,2.2,1.77,2.27,1.92,2.36,2.28,2.85,2.48
Zimbabwe,Beer,0.67,0.74,1.16,0.88,1.14,0.96,1.09,0.88,1.47,1.09
Zimbabwe,Wine,0.03,0.01,0.04,0.02,0.01,0.01,0.01,0.01,0.04,0.08
Zimbabwe,Spirits,0.19,0.19,0.19,0.19,0.19,0.06,0.38,0.38,0.38,0.36
Zimbabwe,Other alcoholic beverages,0.81,0.78,0.81,0.68,0.93,0.9,0.88,1.01,0.96,0.94
